generation,avg_fitness,max_fitness,signals_emitted,iconicity,mutual_info,jsd_no_pred,jsd_pred,silence_corr,sender_fit_corr,traj_fluct_ratio,receiver_fit_corr,response_fit_corr,silence_onset_jsd,silence_move_delta,avg_base_hidden,min_base_hidden,max_base_hidden,avg_signal_hidden,min_signal_hidden,max_signal_hidden,zone_deaths,signal_entropy,freeze_zone_deaths,food_mi
0,322.2,1050.0,616492,0.5291,0.0007,0.0029,0.0015,-0.1555,-0.2713,0.0000,0.6855,0.0000,0.0000,0.0000,12.0,12,12,6.0,6,6,710,1.7908,475,0.0000
200,468.3,1350.0,760312,0.4936,0.0004,0.0279,0.0657,-0.0589,-0.0625,0.0000,0.7223,0.0000,0.0000,0.0000,9.9,6,15,5.8,2,14,576,1.7091,362,0.0000
400,1084.5,2350.0,820167,0.4729,0.0001,0.1112,0.1339,0.0284,0.0481,0.0000,0.7402,0.0000,0.0000,0.0000,8.3,7,11,6.8,2,15,739,1.5975,447,0.0000
600,1164.4,2900.0,796040,0.5296,0.0001,0.1329,0.1303,0.2989,0.0328,0.0000,0.7210,0.0000,0.0000,0.0000,8.5,7,11,7.1,2,18,1051,1.6218,495,0.0000
800,1095.9,2500.0,800598,0.5188,0.0006,0.1376,0.1326,0.0061,0.0444,0.0000,0.7358,0.0000,0.0000,0.0000,8.6,7,12,10.5,2,18,859,1.6698,520,0.0000
1000,1210.2,2700.0,801597,0.5305,0.0002,0.1216,0.1240,0.1637,0.0000,0.0000,0.7256,0.0000,0.0000,0.0000,8.8,6,12,8.7,2,18,987,1.5646,406,0.0000
1200,1275.3,2950.0,827452,0.5359,0.0000,0.1569,0.1498,0.1393,0.0355,0.0000,0.7434,0.0000,0.0000,0.0000,8.7,7,12,7.1,2,18,930,1.3860,465,0.0000
1400,1140.4,2800.0,780799,0.4651,0.0003,0.1729,0.1553,0.1858,0.0000,0.0000,0.7624,0.0000,0.0000,0.0000,8.5,6,11,10.8,2,18,1027,1.4926,575,0.0000
1600,1243.3,2600.0,819258,0.3785,0.0000,0.1501,0.1594,0.1334,0.0000,0.0000,0.6876,0.0000,0.0000,0.0000,8.5,7,11,11.2,4,17,821,1.3586,546,0.0000
1800,1308.2,2750.0,821062,0.5253,0.0003,0.1683,0.1668,0.1948,0.0000,0.0000,0.6398,0.0000,0.0000,0.0000,8.8,6,12,10.1,3,19,922,1.3429,336,0.0000
2000,1316.5,2850.0,837729,0.3889,0.0001,0.1737,0.1423,0.2205,0.0000,0.0000,0.7025,0.0000,0.0000,0.0000,8.6,7,11,10.7,2,18,794,1.2047,498,0.0000
2200,1377.4,3200.0,817513,0.5630,0.0001,0.1403,0.1335,0.1726,0.0000,0.0000,0.7864,0.0000,0.0000,0.0000,8.5,7,12,11.1,3,22,1035,1.0792,435,0.0000
2400,1285.7,3150.0,772036,0.3942,0.0002,0.0973,0.0875,0.1885,0.0222,0.0000,0.6894,0.0000,0.0000,0.0000,8.5,7,11,12.8,4,21,993,1.0207,459,0.0000
2600,1341.9,2900.0,820935,0.5181,0.0004,0.1363,0.1090,0.1473,0.0000,0.0000,0.7682,0.0000,0.0000,0.0000,8.6,7,11,8.3,2,21,952,1.0006,479,0.0000
2800,1334.5,2800.0,816587,0.5221,0.0001,0.1084,0.1023,0.1219,0.0000,0.0000,0.5652,0.0000,0.0000,0.0000,8.6,7,12,7.5,2,21,933,0.9231,509,0.0000
3000,1421.3,2750.0,819459,0.5205,0.0001,0.1320,0.1254,0.2098,0.0000,0.0000,0.7946,0.0000,0.0000,0.0000,8.6,6,11,11.8,2,25,971,1.1053,344,0.0000
3200,1355.5,3000.0,822641,0.4539,0.0001,0.1119,0.1096,0.1560,0.0000,0.0000,0.6785,0.0000,0.0000,0.0000,8.8,7,12,12.4,2,26,896,1.0318,443,0.0000
3400,1431.3,2950.0,850519,0.5008,0.0002,0.1123,0.1010,0.1647,0.0371,0.0000,0.5895,0.0000,0.0000,0.0000,8.8,6,12,12.6,2,25,854,1.0823,475,0.0000
3600,1458.9,3200.0,838475,0.4772,0.0006,0.1077,0.0979,0.0351,0.0000,0.0000,0.6762,0.0000,0.0000,0.0000,8.7,7,12,12.0,2,27,855,1.0333,377,0.0000
3800,1366.9,2850.0,817193,0.4746,0.0002,0.1337,0.1350,0.1294,0.0000,1.8768,0.7565,0.0000,0.0000,0.0000,8.9,7,12,9.5,2,28,879,1.2432,567,0.0000
4000,1422.7,3100.0,832502,0.5431,0.0002,0.1260,0.1454,0.1571,0.0000,1.8719,0.6393,0.0000,0.0000,0.0000,8.7,7,12,6.9,2,27,935,1.0265,418,0.0000
4200,1346.8,3050.0,794701,0.4269,0.0004,0.1372,0.1628,0.1374,0.0321,1.4801,0.6844,0.0000,0.0000,0.0000,8.9,7,12,9.5,2,30,978,1.3040,322,0.0000
4400,1422.5,2950.0,856001,0.6293,0.0001,0.1590,0.1648,0.1320,0.0000,1.9041,0.6447,0.0000,0.0000,0.0000,9.0,6,13,11.1,2,31,775,1.3431,463,0.0000
4600,1437.6,3400.0,842508,0.5044,0.0001,0.1526,0.1524,0.1698,0.0392,1.8770,0.6903,0.0000,0.0000,0.0000,9.1,7,12,6.5,2,27,830,1.3567,471,0.0000
4800,1445.2,3100.0,839880,0.5565,0.0001,0.1693,0.1756,0.0943,0.0000,1.8309,0.7186,0.0000,0.0000,0.0000,9.2,7,13,7.6,2,16,914,1.2336,427,0.0000
5000,1408.4,2800.0,838541,0.5318,0.0001,0.1666,0.1731,0.1378,0.0000,1.8163,0.7627,0.0000,0.0000,0.0000,9.2,7,12,8.0,2,18,907,1.2544,427,0.0000
5200,1390.9,3100.0,797983,0.4087,0.0001,0.1824,0.1800,0.2055,0.0000,1.8560,0.6887,0.0000,0.0000,0.0000,9.0,7,13,8.9,2,21,1025,1.3110,709,0.0000
5400,1498.2,3250.0,829257,0.5291,0.0001,0.1936,0.1867,0.0771,0.0000,1.8103,0.7706,0.0000,0.0000,0.0000,9.1,6,13,4.7,2,17,1002,1.4022,437,0.0000
5600,1516.0,3200.0,828724,0.5294,0.0000,0.2004,0.1791,0.1188,0.0000,1.8351,0.7274,0.0000,0.0000,0.0000,9.1,7,13,6.1,2,17,970,1.4784,466,0.0000
5800,1453.0,3200.0,802377,0.4783,0.0001,0.1981,0.1833,0.0937,0.0000,1.7498,0.7784,0.0000,0.0000,0.0000,9.2,7,12,5.7,2,13,1035,1.4723,630,0.0000
6000,1500.8,3400.0,825024,0.6159,0.0000,0.2030,0.2015,0.2083,0.0000,1.9254,0.7352,0.0000,0.0000,0.0000,9.0,7,12,5.9,2,14,1095,1.3826,520,0.0000
6200,1429.9,3200.0,812315,0.4960,0.0003,0.1697,0.1836,0.0897,0.0000,2.0567,0.6853,0.0000,0.0000,0.0000,9.3,7,12,6.6,2,13,922,1.4864,538,0.0000
6400,1501.9,3150.0,838038,0.5459,0.0001,0.1477,0.1593,0.1366,0.0478,1.6750,0.7703,0.0000,0.0000,0.0000,9.4,7,12,7.3,2,15,949,1.4173,408,0.0000
6600,1477.4,3250.0,806890,0.5252,0.0004,0.1516,0.1594,0.1054,0.0000,1.7705,0.7505,0.0000,0.0000,0.0000,9.6,7,12,8.2,2,16,1076,1.5209,617,0.0000
6800,1478.9,3150.0,844524,0.4967,0.0002,0.1667,0.1707,0.1299,0.0510,1.7701,0.7427,0.0000,0.0000,0.0000,9.8,7,12,5.8,2,15,789,1.4946,549,0.0000
7000,1527.6,3100.0,823998,0.5062,0.0003,0.1709,0.1616,0.1194,0.0337,1.7386,0.7035,0.0000,0.0000,0.0000,9.8,7,13,8.1,2,18,1002,1.3892,563,0.0000
7200,1462.4,3700.0,811886,0.4850,0.0004,0.1696,0.1599,0.1534,0.0312,1.7972,0.7801,0.0000,0.0000,0.0000,9.5,7,13,6.9,2,19,1062,1.4803,473,0.0000
7400,1572.6,3100.0,837435,0.5144,0.0003,0.1733,0.1663,0.3693,0.0374,1.8115,0.6856,0.0000,0.0000,0.0000,9.6,7,12,10.3,2,20,963,1.4790,406,0.0000
7600,1478.3,3700.0,820254,0.5490,0.0004,0.1773,0.1690,0.2078,0.0000,1.8029,0.7196,0.0000,0.0000,0.0000,9.6,7,13,11.4,2,23,1030,1.5332,583,0.0000
7800,1527.7,3400.0,833661,0.5841,0.0002,0.1808,0.1609,0.2050,0.0000,1.8299,0.7048,0.0000,0.0000,0.0000,9.5,7,13,11.8,2,23,880,1.5272,520,0.0000
8000,1497.8,3293.4,802723,0.3410,0.0001,0.1793,0.1601,0.0076,0.0000,2.8577,0.7296,0.0000,0.0000,0.0000,9.2,7,13,9.8,2,20,944,1.4740,665,0.0000
8200,1501.2,3300.0,833989,0.5016,0.0002,0.1900,0.1733,0.0020,0.0000,2.7268,0.6859,0.0000,0.0000,0.0000,8.9,7,11,12.3,2,24,868,1.4155,553,0.0000
8400,1507.1,3150.0,792647,0.3970,0.0012,0.1888,0.1624,0.1271,0.0000,2.7299,0.7304,0.0000,0.0000,0.0000,9.1,7,13,13.5,2,26,1021,1.4910,579,0.0000
8600,1469.5,2900.0,795236,0.3837,0.0007,0.2058,0.1797,0.0440,0.0000,2.7341,0.6639,0.0000,0.0000,0.0000,9.3,7,13,15.7,6,29,927,1.5300,682,0.0000
8800,1525.2,3450.0,816596,0.5254,0.0004,0.2219,0.1862,0.1575,0.0000,2.8811,0.7583,0.0000,0.0000,0.0000,9.4,7,13,17.0,4,28,1004,1.5809,576,0.0000
9000,1374.5,3100.0,801882,0.4225,0.0004,0.2218,0.1955,0.1325,0.0000,2.8848,0.7057,0.0000,0.0000,0.0000,9.2,7,13,19.7,9,30,934,1.4783,689,0.0000
9200,1529.3,3200.0,828196,0.4244,0.0008,0.2034,0.1817,0.1200,0.0000,2.8736,0.6991,0.0000,0.0000,0.0000,9.7,7,13,21.4,9,32,866,1.5239,475,0.0000
9400,1548.9,3150.0,829075,0.5561,0.0003,0.2179,0.2002,0.1390,0.0000,2.7860,0.7549,0.0000,0.0000,0.0000,9.7,7,13,24.3,17,32,940,1.5768,423,0.0000
9600,1396.9,2750.0,836113,0.4124,0.0007,0.2260,0.1985,0.1470,0.0000,2.7876,0.6947,0.0000,0.0000,0.0000,9.6,7,12,26.4,18,32,761,1.6202,514,0.0000
9800,1551.4,3100.0,848896,0.4841,0.0007,0.2237,0.1909,0.0427,0.0000,2.6615,0.6981,0.0000,0.0000,0.0000,9.6,7,13,25.6,12,32,800,1.6320,407,0.0000
10000,1585.6,3250.0,846833,0.4951,0.0015,0.2219,0.1765,0.1430,0.0000,1.9804,0.7376,0.0000,0.0000,0.0000,9.7,7,13,23.3,12,30,824,1.6358,315,0.0000
10200,1521.7,3000.0,835722,0.4528,0.0019,0.2221,0.1712,0.1716,0.0000,2.0577,0.7610,0.0000,0.0000,0.0000,9.6,7,13,24.3,10,31,845,1.5947,341,0.0000
10400,1561.6,3600.0,858987,0.5599,0.0010,0.2111,0.1723,0.0223,0.0000,2.0326,0.7447,0.0000,0.0000,0.0000,9.9,7,12,23.3,15,32,798,1.6674,295,0.0000
10600,1588.6,3850.0,847320,0.5481,0.0013,0.2156,0.1785,0.0540,0.0000,2.0420,0.7561,0.0000,0.0000,0.0000,9.9,7,13,25.2,18,32,814,1.7094,280,0.0000
10800,1589.4,3150.0,846130,0.5559,0.0013,0.2200,0.1815,0.1167,0.0000,1.9609,0.6906,0.0000,0.0000,0.0000,9.9,7,12,25.7,17,32,837,1.6843,312,0.0000
11000,1555.8,3100.0,845723,0.5071,0.0010,0.2098,0.1748,0.1129,0.0000,1.8772,0.7555,0.0000,0.0000,0.0000,10.0,8,13,23.5,16,32,796,1.7104,378,0.0000
11200,1535.9,2850.0,852942,0.4868,0.0013,0.2335,0.1900,-0.0094,0.0310,1.8801,0.7190,0.0000,0.0000,0.0000,9.8,7,12,25.3,17,32,777,1.7116,420,0.0000
11400,1591.3,3150.0,844487,0.5662,0.0007,0.2278,0.1841,0.2321,0.0000,1.7435,0.6775,0.0000,0.0000,0.0000,9.9,8,13,26.4,19,32,789,1.6980,424,0.0000
11600,1582.3,3116.8,849997,0.5111,0.0020,0.2362,0.1886,0.0889,0.0374,0.8017,0.7518,0.0000,0.0000,0.0000,9.9,7,13,26.5,18,32,786,1.6457,380,0.0000
11800,1567.3,3000.0,878463,0.5212,0.0009,0.2554,0.2085,0.1675,0.0000,0.6995,0.7325,0.0000,0.0000,0.0000,9.6,7,13,26.1,18,32,708,1.5780,317,0.0000
12000,1439.1,3150.0,834965,0.4181,0.0012,0.2496,0.1946,0.0455,0.0000,0.9472,0.7515,0.0000,0.0000,0.0000,9.7,7,12,26.4,17,32,756,1.6486,523,0.0000
12200,1604.4,3150.0,848893,0.4900,0.0016,0.2415,0.1875,0.1300,0.0000,0.9500,0.7140,0.0000,0.0000,0.0000,9.9,7,13,24.6,16,32,759,1.6724,420,0.0000
12400,1649.7,3200.0,844780,0.4575,0.0007,0.2385,0.1861,0.1884,0.0000,0.7893,0.7681,0.0000,0.0000,0.0000,9.7,7,12,22.0,11,30,883,1.6287,482,0.0000
12600,1544.8,3200.0,843713,0.4122,0.0006,0.2596,0.1977,0.1146,0.0411,0.7756,0.6712,0.0000,0.0000,0.0000,9.8,7,12,24.7,16,31,811,1.6263,463,0.0000
12800,1503.2,3250.0,835570,0.3921,0.0010,0.2516,0.2054,0.0468,0.0230,0.7620,0.7808,0.0000,0.0000,0.0000,9.8,7,12,23.3,14,32,767,1.6401,420,0.0000
13000,1398.8,3050.0,828660,0.3015,0.0018,0.2597,0.1841,0.0155,0.0223,0.9421,0.7052,0.0000,0.0000,0.0000,9.8,7,12,22.4,14,31,742,1.6295,395,0.0000
13200,1603.3,3050.0,853278,0.4750,0.0011,0.2670,0.1985,0.0862,0.0272,2.2864,0.7482,0.0000,0.0000,0.0000,9.9,7,13,26.5,12,32,772,1.6267,347,0.0000
13400,1663.4,3350.0,865370,0.4997,0.0021,0.2673,0.1952,0.0962,0.0681,2.3212,0.7111,0.0000,0.0000,0.0000,9.9,7,12,29.9,22,32,778,1.6817,334,0.0000
13600,1564.5,3300.0,850557,0.5497,0.0006,0.2717,0.2229,0.0535,0.0000,2.3336,0.7183,0.0000,0.0000,0.0000,9.8,7,15,28.2,16,32,786,1.5373,372,0.0000
13800,1585.1,3250.0,845223,0.4783,0.0015,0.2614,0.1877,0.1212,0.0870,2.2968,0.6756,0.0000,0.0000,0.0000,9.9,8,13,28.1,17,32,795,1.6193,456,0.0000
14000,1529.1,2850.0,856461,0.5282,0.0011,0.2793,0.2415,0.0300,0.0444,2.3010,0.6807,0.0000,0.0000,0.0000,10.1,7,13,27.1,16,32,756,1.5846,399,0.0000
14200,1481.2,3050.0,841930,0.5276,0.0010,0.2867,0.2164,0.0357,0.0446,2.3332,0.6922,0.0000,0.0000,0.0000,10.2,7,13,27.8,18,32,788,1.6009,527,0.0000
14400,1687.9,3200.0,876977,0.5559,0.0008,0.3091,0.2425,0.0797,0.0764,2.3007,0.7316,0.0000,0.0000,0.0000,9.9,8,12,29.1,17,32,755,1.5883,354,0.0000
14600,1717.3,3300.0,861331,0.4809,0.0017,0.3023,0.2310,0.1462,0.1023,2.2927,0.6755,0.0000,0.0000,0.0000,10.2,8,13,28.0,22,32,817,1.6086,313,0.0000
14800,1581.8,3200.0,842503,0.4669,0.0017,0.2902,0.2299,0.1487,0.0560,2.3029,0.7415,0.0000,0.0000,0.0000,10.1,7,14,29.0,22,32,951,1.5885,517,0.0000
15000,1378.2,2650.0,839716,0.4434,0.0026,0.3195,0.2117,0.1244,0.1283,2.2913,0.7310,0.0000,0.0000,0.0000,10.0,7,13,29.7,22,32,814,1.4965,555,0.0000
15200,1629.5,3450.0,848308,0.4821,0.0022,0.3006,0.2246,-0.0913,0.0513,0.5371,0.7408,0.0000,0.0000,0.0000,10.4,7,13,29.5,20,32,822,1.5369,374,0.0000
15400,1637.4,3350.0,839284,0.5196,0.0011,0.3238,0.2380,0.1844,0.1044,0.5257,0.7003,0.0000,0.0000,0.0000,10.1,8,14,28.1,20,32,832,1.5129,401,0.0000
15600,1308.3,3100.0,818445,0.3404,0.0059,0.3138,0.1906,0.1887,0.0879,1.4833,0.7398,0.0000,0.0000,0.0000,10.2,7,13,28.5,19,32,985,1.5795,589,0.0000
15800,1673.7,3300.0,859511,0.5024,0.0022,0.3116,0.2381,0.1180,0.0949,1.7381,0.7178,0.0000,0.0000,0.0000,10.3,7,13,25.4,15,32,823,1.5384,358,0.0000
16000,1502.4,3050.0,837353,0.4870,0.0024,0.2826,0.2232,0.0797,0.1337,1.7473,0.7401,0.0000,0.0000,0.0000,10.3,8,13,26.3,15,32,899,1.6000,542,0.0000
16200,1608.6,3250.0,840744,0.4631,0.0017,0.2705,0.2187,0.1592,0.0785,1.7225,0.6449,0.0000,0.0000,0.0000,10.4,7,13,25.1,16,32,828,1.6224,310,0.0000
16400,1636.9,3200.0,853356,0.4718,0.0021,0.2776,0.2084,0.1559,0.1014,1.7532,0.6991,0.0000,0.0000,0.0000,10.1,8,13,25.9,17,32,854,1.6097,409,0.0000
16600,1473.8,3100.0,813133,0.4495,0.0017,0.2944,0.2163,0.1847,0.0736,1.7790,0.6799,0.0000,0.0000,0.0000,10.3,7,13,26.5,18,32,898,1.5780,588,0.0000
16800,1642.7,3400.0,848275,0.5548,0.0015,0.2435,0.1940,0.1546,0.1199,1.7442,0.7248,0.0000,0.0000,0.0000,10.2,7,13,27.7,15,32,845,1.5774,415,0.0000
17000,1604.1,3250.0,818929,0.5022,0.0019,0.1853,0.1652,0.2207,0.0703,1.7519,0.7752,0.0000,0.0000,0.0000,10.3,8,13,27.8,17,32,936,1.5680,458,0.0000
17200,1483.0,3400.0,796062,0.3656,0.0038,0.2188,0.1863,0.1087,0.1176,1.8104,0.7396,0.0000,0.0000,0.0000,10.4,7,13,27.3,20,32,976,1.5823,580,0.0000
17400,1581.6,3100.0,824154,0.5369,0.0009,0.2847,0.2622,0.1057,0.1095,1.9428,0.7272,0.0000,0.0000,0.0000,10.2,7,13,25.8,16,32,884,1.5890,427,0.0000
17600,1392.6,3050.0,819807,0.3588,0.0015,0.2313,0.2241,0.0220,0.0979,2.5315,0.7183,0.0000,0.0000,0.0000,10.3,7,12,26.0,19,32,796,1.5682,405,0.0000
17800,1526.3,3350.0,809822,0.5293,0.0013,0.2150,0.1847,0.0525,0.1023,2.7128,0.6764,0.0000,0.0000,0.0000,10.3,8,14,23.4,16,32,947,1.5811,482,0.0000
18000,1561.8,3550.0,836149,0.4942,0.0014,0.1685,0.1643,0.1611,0.0771,2.6819,0.7516,0.0000,0.0000,0.0000,10.2,8,13,24.6,13,32,868,1.5853,549,0.0000
18200,1437.0,3050.0,786324,0.4122,0.0011,0.1648,0.1435,0.0018,0.1009,2.6726,0.7321,0.0000,0.0000,0.0000,10.2,8,12,22.1,12,32,1031,1.6098,487,0.0000
18400,1535.7,3050.0,841514,0.5237,0.0002,0.2077,0.2078,0.1666,0.1391,2.6001,0.7125,0.0000,0.0000,0.0000,10.3,7,12,21.4,15,32,855,1.5732,459,0.0000
18600,1669.9,3300.0,843274,0.5894,0.0001,0.2523,0.2494,0.1852,0.1300,2.4689,0.7478,0.0000,0.0000,0.0000,10.3,7,12,22.0,14,30,908,1.5673,444,0.0000
18800,1555.8,3950.0,847623,0.5057,0.0004,0.2317,0.2287,0.2024,0.1169,2.4617,0.7116,0.0000,0.0000,0.0000,10.4,8,13,20.4,11,30,845,1.5901,414,0.0000
19000,1752.2,3150.0,855675,0.5066,0.0006,0.2214,0.1966,0.2028,0.0433,2.4885,0.6935,0.0000,0.0000,0.0000,10.3,7,13,22.2,10,32,821,1.5756,464,0.0000
19200,1618.1,3100.0,819602,0.5417,0.0006,0.2419,0.2122,0.1555,0.0421,2.6187,0.7228,0.0000,0.0000,0.0000,10.2,7,13,23.3,10,32,940,1.5499,495,0.0000
19400,1697.6,3550.0,835152,0.5634,0.0008,0.2250,0.2091,0.1651,0.0967,2.6528,0.7524,0.0000,0.0000,0.0000,10.1,7,14,28.4,19,32,944,1.4992,491,0.0000
19600,1574.9,3100.0,823687,0.5462,0.0010,0.1874,0.1769,0.1946,0.0855,1.8879,0.7506,0.0000,0.0000,0.0000,10.4,8,13,28.4,22,32,910,1.5305,593,0.0000
19800,1349.6,3150.0,812638,0.3958,0.0024,0.2200,0.1982,0.0195,0.1106,1.3714,0.7061,0.0000,0.0000,0.0000,10.2,8,13,27.9,17,32,888,1.4390,506,0.0000
20000,1604.7,3300.0,823868,0.5981,0.0007,0.2292,0.2168,0.1903,0.0531,1.8180,0.7356,0.0000,0.0000,0.0000,10.3,8,12,25.6,16,32,908,1.5548,456,0.0000
20200,1439.1,2800.0,816013,0.5139,0.0008,0.2169,0.2055,0.1415,0.0791,1.7949,0.7541,0.0000,0.0000,0.0000,10.1,7,13,24.8,16,32,918,1.5629,471,0.0000
20400,1297.5,2500.0,821446,0.4109,0.0011,0.2373,0.2239,0.1641,0.0923,1.7886,0.7185,0.0000,0.0000,0.0000,10.1,7,13,24.7,9,32,842,1.5762,634,0.0000
20600,1493.1,3200.0,820792,0.5441,0.0007,0.2611,0.2346,0.1593,0.0904,1.8384,0.7405,0.0000,0.0000,0.0000,10.3,8,13,26.1,8,32,942,1.5989,589,0.0000
20800,1435.5,3100.0,812387,0.4655,0.0012,0.2669,0.2350,0.1196,0.0414,1.7297,0.6997,0.0000,0.0000,0.0000,10.3,8,12,30.0,24,32,889,1.4677,478,0.0000
21000,1695.7,3550.0,824491,0.5975,0.0004,0.2471,0.2043,0.0862,0.0886,1.8502,0.7514,0.0000,0.0000,0.0000,10.2,7,13,26.8,20,32,960,1.4430,505,0.0000
21200,1414.7,3250.0,795017,0.3961,0.0016,0.2915,0.2566,0.0901,0.0624,2.2886,0.7662,0.0000,0.0000,0.0000,10.3,7,13,27.1,13,32,924,1.5462,503,0.0000
21400,1607.5,3450.0,810560,0.5374,0.0006,0.2594,0.2487,0.1224,0.0666,2.1052,0.7107,0.0000,0.0000,0.0000,10.3,7,13,27.9,7,32,959,1.5124,533,0.0000
21600,1642.5,3450.0,812672,0.6075,0.0003,0.2304,0.2270,0.2279,0.0586,2.0141,0.7624,0.0000,0.0000,0.0000,10.2,8,13,28.9,19,32,1010,1.6166,558,0.0000
21800,1718.6,3400.0,833870,0.6370,0.0003,0.2224,0.1998,0.2127,0.0875,2.1909,0.7583,0.0000,0.0000,0.0000,10.5,8,14,28.2,18,32,1009,1.5532,444,0.0000
22000,1542.5,3600.0,818187,0.4631,0.0005,0.2153,0.2019,0.1616,0.0878,2.7724,0.7715,0.0000,0.0000,0.0000,10.5,8,14,26.3,20,32,886,1.5441,392,0.0000
22200,1459.7,2950.0,835483,0.5247,0.0002,0.2184,0.2462,0.1811,0.0690,2.7821,0.7319,0.0000,0.0000,0.0000,10.5,7,13,26.0,19,32,815,1.5904,451,0.0000
22400,1548.7,3100.0,841248,0.4346,0.0012,0.2193,0.2206,0.1352,0.0871,2.8142,0.7164,0.0000,0.0000,0.0000,10.5,8,14,26.5,18,32,797,1.4658,325,0.0000
22600,1643.0,3150.0,841375,0.4859,0.0005,0.2426,0.1879,0.1642,0.0439,2.9440,0.6703,0.0000,0.0000,0.0000,10.5,8,13,27.2,19,32,866,1.4732,428,0.0000
22800,1650.5,3350.0,821083,0.4570,0.0006,0.2208,0.2272,0.1342,0.0558,3.0207,0.6696,0.0000,0.0000,0.0000,10.5,7,13,27.4,19,32,879,1.4434,366,0.0000
23000,1661.4,3550.0,826793,0.5342,0.0003,0.1900,0.1826,0.1511,0.0660,2.9807,0.7480,0.0000,0.0000,0.0000,10.6,8,13,25.2,16,32,975,1.3609,406,0.0000
23200,1603.2,3500.0,824886,0.5330,0.0002,0.2189,0.2458,0.1912,0.0752,2.6553,0.7508,0.0000,0.0000,0.0000,10.5,7,13,20.9,11,32,933,1.4668,457,0.0000
23400,1601.0,3800.0,822147,0.4711,0.0008,0.2238,0.1164,0.1368,0.0710,2.6685,0.7374,0.0000,0.0000,0.0000,10.6,8,14,22.3,10,31,984,1.4407,465,0.0000
23600,1686.8,3350.0,841641,0.4585,0.0003,0.2264,0.1204,0.2304,0.0464,2.6939,0.7296,0.0000,0.0000,0.0000,10.4,8,13,23.4,10,32,889,1.3849,369,0.0000
23800,1159.1,2500.0,804976,0.3547,0.0005,0.1726,0.1728,0.0869,0.1009,2.6426,0.7025,0.0000,0.0000,0.0000,10.3,7,13,22.6,5,32,827,1.4621,609,0.0000
24000,1729.0,3800.0,826382,0.6437,0.0002,0.1638,0.1196,0.1536,0.0556,5.1873,0.7712,0.0000,0.0000,0.0000,10.4,8,13,25.8,5,32,944,1.3966,394,0.0000
24200,1502.5,3100.0,827353,0.4746,0.0002,0.1828,0.1545,0.1435,0.0729,5.8051,0.6798,0.0000,0.0000,0.0000,10.4,7,14,21.5,4,32,873,1.4200,645,0.0000
24400,1372.0,3350.0,797681,0.4625,0.0004,0.2353,0.2340,0.1444,0.0620,5.8748,0.7224,0.0000,0.0000,0.0000,10.6,7,14,22.0,3,32,923,1.4312,537,0.0000
24600,1437.6,3250.0,811060,0.4352,0.0003,0.2549,0.2438,0.1464,0.0671,5.9019,0.6667,0.0000,0.0000,0.0000,10.6,7,13,15.8,5,28,908,1.5854,463,0.0000
24800,1642.8,3550.0,825402,0.4982,0.0007,0.2614,0.2423,0.1556,0.0442,5.8895,0.7227,0.0000,0.0000,0.0000,10.5,8,14,9.6,2,25,879,1.6021,440,0.0000
25000,1639.6,3340.8,860765,0.5788,0.0006,0.2808,0.2313,0.1974,0.1109,5.9540,0.6553,0.0000,0.0000,0.0000,10.5,8,14,9.6,2,22,756,1.5675,439,0.0000
25200,1709.3,3400.0,826835,0.4642,0.0008,0.2668,0.2036,0.1138,0.0883,5.8916,0.7292,0.0000,0.0000,0.0000,10.4,8,13,10.0,2,22,942,1.5439,368,0.0000
25400,1462.6,2900.0,838236,0.5189,0.0008,0.2561,0.1888,0.1226,0.1009,5.8790,0.7304,0.0000,0.0000,0.0000,10.6,8,13,7.8,2,19,803,1.5273,439,0.0000
25600,1571.9,3250.0,820601,0.5027,0.0005,0.2438,0.2215,0.0496,0.0824,5.9367,0.7762,0.0000,0.0000,0.0000,10.5,8,13,11.5,2,21,894,1.5694,482,0.0000
25800,1438.5,3050.0,840040,0.4250,0.0002,0.2675,0.2224,0.1651,0.1182,5.9461,0.6515,0.0000,0.0000,0.0000,10.5,8,13,13.0,2,21,801,1.5666,519,0.0000
26000,1789.1,3450.0,845542,0.5153,0.0010,0.2590,0.2198,0.1737,0.0403,3.5070,0.7900,0.0000,0.0000,0.0000,10.5,8,13,14.2,6,22,856,1.5834,322,0.0000
26200,1525.0,3185.0,808281,0.4307,0.0025,0.2524,0.2177,0.1733,0.0674,0.6440,0.7265,0.0000,0.0000,0.0000,10.6,8,14,14.4,4,23,964,1.6020,495,0.0000
26400,1728.6,3450.0,840964,0.5632,0.0006,0.2724,0.2388,0.2255,0.0337,1.7445,0.7490,0.0000,0.0000,0.0000,10.6,8,14,13.8,7,22,914,1.5882,370,0.0000
26600,1650.1,3300.0,825003,0.4972,0.0006,0.2345,0.2175,0.1193,0.0600,1.7444,0.6535,0.0000,0.0000,0.0000,10.5,8,13,14.3,2,24,926,1.5055,373,0.0000
26800,1558.9,3350.0,821281,0.3780,0.0010,0.2459,0.1827,0.0773,0.0819,1.6716,0.7422,0.0000,0.0000,0.0000,10.6,8,13,14.7,2,24,820,1.4956,426,0.0000
27000,1226.6,2450.0,832289,0.4228,0.0003,0.2935,0.2401,0.0546,0.0620,1.7702,0.6993,0.0000,0.0000,0.0000,10.6,8,14,19.5,3,27,817,1.4405,592,0.0002
27200,1651.9,3550.0,833893,0.5921,0.0005,0.2594,0.1963,0.1795,0.0836,2.3971,0.6912,0.0000,0.0000,0.0000,10.5,8,13,20.8,14,30,901,1.4875,311,0.0000
27400,1518.9,3350.0,819424,0.4902,0.0010,0.2397,0.1965,0.1258,0.0368,2.3005,0.7663,0.0000,0.0000,0.0000,10.4,8,14,17.6,11,32,909,1.4919,466,0.0000
27600,1766.3,3500.0,844660,0.5875,0.0007,0.2718,0.2264,0.1892,0.0511,2.2600,0.7395,0.0000,0.0000,0.0000,10.4,8,13,16.5,11,24,903,1.5497,398,0.0000
27800,1619.5,3242.8,820220,0.4172,0.0013,0.2400,0.1769,0.1009,0.0832,2.3015,0.8091,0.0000,0.0000,0.0000,10.3,8,13,17.7,8,29,904,1.5393,358,0.0000
28000,1552.5,3100.0,855031,0.4929,0.0011,0.2494,0.1985,0.2347,0.1015,2.3767,0.6990,0.0000,0.0000,0.0000,10.5,8,14,18.9,11,27,825,1.5330,552,0.0000
28200,1599.7,3600.0,819314,0.4517,0.0026,0.2931,0.2164,0.1516,0.0524,2.5067,0.7392,0.0000,0.0000,0.0000,10.6,8,14,19.9,11,29,901,1.5718,499,0.0000
28400,1279.4,2722.5,798197,0.3619,0.0026,0.3192,0.2420,0.0556,0.0682,2.2172,0.7562,0.0000,0.0000,0.0000,10.6,8,14,19.6,11,31,848,1.5296,536,0.0000
28600,1508.6,3100.0,821401,0.4074,0.0022,0.3051,0.2685,0.1460,0.0672,2.2262,0.7583,0.0000,0.0000,0.0000,10.4,8,13,21.6,10,32,864,1.4101,433,0.0000
28800,1463.0,2950.0,844639,0.5060,0.0003,0.2865,0.2457,0.1034,0.0941,2.2373,0.6320,0.0000,0.0000,0.0000,10.4,7,13,22.0,9,32,898,1.4307,489,0.0000
29000,1590.9,3100.0,826206,0.5537,0.0007,0.2818,0.2250,0.2529,0.0171,2.2270,0.6988,0.0000,0.0000,0.0000,10.5,8,13,20.9,4,32,936,1.4638,423,0.0000
29200,1723.2,3400.0,852304,0.6130,0.0005,0.2972,0.2272,0.1442,0.0889,1.2598,0.7206,0.0000,0.0000,0.0000,10.5,8,13,19.3,5,29,903,1.5089,369,0.0000
29400,1580.8,3400.0,842298,0.4412,0.0015,0.3005,0.2358,0.1963,0.0691,1.9047,0.6378,0.0000,0.0000,0.0000,10.4,8,14,16.6,8,29,843,1.5877,397,0.0000
29600,1462.1,3000.0,815957,0.4298,0.0019,0.2851,0.2407,0.1406,0.0566,1.9659,0.7495,0.0000,0.0000,0.0000,10.3,6,12,16.7,9,28,882,1.5803,492,0.0000
29800,1620.5,3200.0,842202,0.4089,0.0037,0.3127,0.2181,0.1769,0.0590,1.7150,0.7381,0.0000,0.0000,0.0000,10.2,7,12,16.0,8,27,861,1.5936,352,0.0000
30000,1388.4,2700.0,856231,0.3488,0.0062,0.3660,0.2433,0.1740,0.0903,1.7154,0.7330,0.0000,0.0000,0.0000,10.4,8,13,16.4,9,30,722,1.5938,482,0.0000
30200,1529.3,3450.0,811249,0.4195,0.0042,0.3476,0.2447,0.1412,0.0650,1.6582,0.7648,0.0000,0.0000,0.0000,10.4,8,13,17.3,5,27,889,1.5626,468,0.0000
30400,1600.5,3247.2,830252,0.4412,0.0028,0.3194,0.2142,0.0381,0.0555,1.6846,0.7314,0.0000,0.0000,0.0000,10.3,8,14,18.8,8,27,863,1.5720,383,0.0000
30600,1734.0,3550.0,858382,0.5797,0.0007,0.3434,0.2688,0.1546,0.0974,1.7622,0.7289,0.0000,0.0000,0.0000,10.4,8,13,20.0,9,28,846,1.5395,359,0.0000
30800,1396.6,2950.0,830088,0.3716,0.0037,0.3841,0.2651,0.0616,0.0749,2.7773,0.5930,0.0000,0.0000,0.0000,10.3,7,13,20.2,7,31,745,1.5361,328,0.0000
31000,1534.0,3300.0,833937,0.4592,0.0019,0.3731,0.2418,0.0549,0.0987,2.7238,0.6879,0.0000,0.0000,0.0000,10.6,8,13,21.8,10,32,833,1.5692,424,0.0000
31200,1634.7,3350.0,830931,0.4697,0.0009,0.3376,0.2794,0.1827,0.0916,2.7619,0.7138,0.0000,0.0000,0.0000,10.4,8,13,23.5,13,32,909,1.5522,386,0.0000
31400,1572.4,3450.0,826805,0.5506,0.0021,0.3535,0.2623,0.1421,0.1036,2.4654,0.7043,0.0000,0.0000,0.0000,10.5,8,13,21.8,11,32,947,1.5341,490,0.0000
31600,1652.3,3200.0,843008,0.4594,0.0027,0.3531,0.2725,0.1406,0.0673,2.3958,0.5903,0.0000,0.0000,0.0000,10.4,7,14,21.1,11,32,848,1.5824,381,0.0000
31800,1577.9,3250.0,831507,0.3781,0.0033,0.3723,0.2598,0.2553,0.0909,2.4011,0.7240,0.0000,0.0000,0.0000,10.6,8,13,20.3,13,28,854,1.5466,513,0.0000
32000,1554.2,3050.0,856216,0.4821,0.0022,0.3225,0.2525,0.0814,0.0837,2.4213,0.7338,0.0000,0.0000,0.0000,10.7,8,14,19.2,12,28,795,1.5772,495,0.0000
32200,1450.8,3150.0,827157,0.3891,0.0028,0.3396,0.2102,0.1475,0.0605,2.4324,0.7282,0.0000,0.0000,0.0000,10.8,8,13,20.5,11,30,819,1.5530,621,0.0000
32400,1690.8,3450.0,839690,0.4835,0.0015,0.3376,0.2207,0.1359,0.0872,2.3901,0.7824,0.0000,0.0000,0.0000,10.8,8,13,22.2,11,32,839,1.5493,362,0.0000
32600,1762.1,3350.0,854826,0.5199,0.0003,0.3285,0.2282,0.0609,0.0719,2.4192,0.7451,0.0000,0.0000,0.0000,10.5,8,13,26.2,14,32,913,1.4868,366,0.0000
32800,1673.2,3550.0,836666,0.5142,0.0005,0.3063,0.2459,0.1572,0.0917,0.6383,0.6902,0.0000,0.0000,0.0000,10.7,8,13,25.4,15,32,974,1.5166,425,0.0000
33000,1466.5,3303.1,821266,0.4246,0.0009,0.2851,0.2402,0.1307,0.0552,0.8306,0.7510,0.0000,0.0000,0.0000,10.8,7,13,24.8,16,32,875,1.5308,522,0.0000
33200,1450.3,2950.0,819506,0.3928,0.0016,0.2956,0.2314,0.0890,0.0512,0.8349,0.7089,0.0000,0.0000,0.0000,10.7,8,13,25.4,15,32,855,1.5710,488,0.0000
33400,1778.6,3650.0,845136,0.6105,0.0003,0.2845,0.2109,0.1617,0.0481,3.2988,0.7429,0.0000,0.0000,0.0000,10.7,8,13,25.1,15,32,934,1.5760,424,0.0000
33600,1670.1,3450.0,836451,0.5270,0.0007,0.2939,0.2193,0.1071,0.0495,3.2995,0.7121,0.0000,0.0000,0.0000,10.6,8,13,24.0,12,32,849,1.6270,435,0.0000
33800,1564.2,3200.0,841367,0.5064,0.0017,0.2777,0.2336,0.1539,0.0859,3.3261,0.7494,0.0000,0.0000,0.0000,10.9,8,13,23.4,10,32,874,1.6655,497,0.0000
34000,1575.7,3200.0,851462,0.5411,0.0015,0.3223,0.2538,0.1002,0.1243,3.3711,0.7465,0.0000,0.0000,0.0000,10.8,8,13,26.5,12,32,726,1.7116,413,0.0000
34200,1459.4,2950.0,827903,0.4019,0.0007,0.2970,0.2201,0.1161,0.0769,3.3656,0.7753,0.0000,0.0000,0.0000,11.0,8,14,25.4,16,32,870,1.6637,487,0.0000
34400,1738.7,3950.0,862512,0.5455,0.0006,0.2885,0.2102,0.2221,0.1282,3.3584,0.6291,0.0000,0.0000,0.0000,10.9,8,13,26.0,15,32,785,1.6774,311,0.0000
34600,1622.0,3500.0,841040,0.5697,0.0005,0.2726,0.2041,0.1656,0.1157,3.3684,0.6338,0.0000,0.0000,0.0000,10.8,9,14,26.3,13,32,832,1.7178,319,0.0000
34800,1627.8,3400.0,821863,0.4544,0.0034,0.2660,0.1649,0.1582,0.0689,3.2816,0.7268,0.0000,0.0000,0.0000,10.9,7,13,26.8,17,32,868,1.7181,407,0.0000
35000,1515.8,3007.0,842650,0.4751,0.0010,0.2500,0.1922,0.1988,0.0856,3.3519,0.7180,0.0000,0.0000,0.0000,10.9,8,13,27.1,12,32,853,1.6779,473,0.0000
35200,1571.0,3250.0,824700,0.4490,0.0008,0.2643,0.2112,0.2449,0.0451,3.3658,0.6537,0.0000,0.0000,0.0000,10.7,7,14,26.2,21,32,957,1.6763,499,0.0000
35400,1652.2,3400.0,831431,0.4809,0.0020,0.2602,0.1873,0.1243,0.1129,1.1803,0.6867,0.0000,0.0000,0.0000,10.7,8,13,26.6,16,32,817,1.7088,276,0.0000
35600,1574.1,3309.8,853650,0.4707,0.0023,0.2205,0.2246,0.0340,0.1186,1.1323,0.6293,0.0000,0.0000,0.0000,10.7,9,13,26.8,17,32,816,1.7321,448,0.0000
35800,1663.7,3600.0,848323,0.4965,0.0020,0.2498,0.1945,0.1086,0.1017,1.1330,0.6497,0.0000,0.0000,0.0000,10.7,8,13,26.0,17,32,798,1.6869,450,0.0000
36000,1752.6,3650.0,845493,0.5139,0.0029,0.2489,0.1923,0.1635,0.1078,1.1072,0.7299,0.0000,0.0000,0.0000,10.8,9,13,26.3,14,32,952,1.7033,363,0.0000
36200,1379.6,3247.2,842638,0.4034,0.0024,0.2294,0.2203,0.1232,0.1083,1.1619,0.6897,0.0000,0.0000,0.0000,10.7,7,13,26.8,20,32,756,1.7230,455,0.0000
36400,1473.5,3150.0,805251,0.4042,0.0023,0.2251,0.1800,0.0653,0.0580,1.0676,0.7924,0.0000,0.0000,0.0000,10.6,9,13,26.9,17,32,1011,1.7598,532,0.0000
36600,1636.8,3471.9,818723,0.4420,0.0034,0.2157,0.1960,0.1409,0.0634,1.0687,0.6603,0.0000,0.0000,0.0000,10.7,9,13,26.8,16,32,928,1.7147,446,0.0000
36800,1524.2,3650.0,834010,0.5281,0.0010,0.2410,0.2307,0.1517,0.0691,0.9830,0.7753,0.0000,0.0000,0.0000,10.9,8,13,24.7,18,32,879,1.7267,464,0.0000
37000,1724.0,3800.0,853741,0.5275,0.0011,0.2348,0.1449,0.0525,0.0997,0.9925,0.7348,0.0000,0.0000,0.0000,11.0,8,14,22.5,18,29,858,1.6866,364,0.0000
37200,1480.4,3050.0,830570,0.4720,0.0013,0.2234,0.1843,0.0901,0.0683,1.0469,0.6805,0.0000,0.0000,0.0000,11.0,9,13,23.7,12,31,818,1.6970,402,0.0000
37400,1690.7,3600.0,851671,0.5385,0.0011,0.2298,0.1815,0.0536,0.1055,1.0805,0.7229,0.0000,0.0000,0.0000,10.9,9,13,22.0,11,32,803,1.6638,377,0.0000
37600,1598.8,3450.0,840952,0.5088,0.0015,0.2365,0.1592,0.1964,0.0772,1.0439,0.7271,0.0000,0.0000,0.0000,10.9,8,14,24.6,17,32,818,1.6839,386,0.0000
37800,1435.1,3550.0,831826,0.5421,0.0007,0.2611,0.2170,0.2147,0.0653,1.0300,0.6962,0.0000,0.0000,0.0000,10.9,8,13,24.7,17,32,843,1.7283,604,0.0000
38000,1557.4,3250.0,851144,0.5648,0.0008,0.2118,0.1898,0.1745,0.0524,1.0549,0.7519,0.0000,0.0000,0.0000,11.0,9,13,24.7,19,32,852,1.7256,411,0.0000
38200,1605.2,3100.0,860472,0.4394,0.0029,0.1948,0.1721,0.0968,0.0541,0.8233,0.7109,0.0000,0.0000,0.0000,11.1,9,13,26.6,18,32,931,1.7466,615,0.0000
38400,1682.4,3800.0,816639,0.4736,0.0016,0.1893,0.1490,0.2401,0.0710,0.8146,0.7623,0.0000,0.0000,0.0000,11.0,9,14,25.0,15,32,967,1.6548,366,0.0000
38600,1637.7,3200.0,840469,0.5232,0.0023,0.1719,0.1499,0.1162,0.0550,0.8032,0.6848,0.0000,0.0000,0.0000,11.0,9,13,26.7,18,32,872,1.7533,489,0.0000
38800,1677.5,4150.0,822284,0.4448,0.0042,0.1558,0.1645,0.2024,0.0383,0.7860,0.7179,0.0000,0.0000,0.0000,11.0,7,14,24.6,15,32,943,1.7117,444,0.0000
39000,1718.2,3550.0,833303,0.4715,0.0033,0.1867,0.1541,0.2073,0.0684,0.7895,0.7542,0.0000,0.0000,0.0000,10.8,8,13,27.2,12,32,931,1.7658,416,0.0000
39200,1760.6,3550.0,860535,0.6080,0.0006,0.1937,0.1668,0.3071,0.0444,1.1268,0.7359,0.0000,0.0000,0.0000,11.0,7,13,27.3,20,32,880,1.7583,335,0.0000
39400,1712.9,3650.0,860500,0.5146,0.0031,0.1730,0.1497,0.1617,0.0565,1.0790,0.7225,0.0000,0.0000,0.0000,11.2,9,14,24.9,17,32,846,1.7098,379,0.0000
39600,1490.9,3050.0,830241,0.4885,0.0029,0.1523,0.1427,0.1890,0.0725,1.0744,0.7176,0.0000,0.0000,0.0000,11.1,8,13,24.6,17,30,915,1.7426,598,0.0000
39800,1554.7,3350.0,852548,0.4867,0.0025,0.1450,0.1240,0.2063,0.0895,1.0677,0.7283,0.0000,0.0000,0.0000,10.9,9,14,25.2,18,31,831,1.7151,435,0.0000
40000,1718.3,3600.0,845843,0.4688,0.0027,0.1785,0.1514,0.0303,0.0628,1.0658,0.7539,0.0000,0.0000,0.0000,10.9,9,14,25.3,19,32,871,1.7514,316,0.0000
40200,1694.7,3400.0,856237,0.5825,0.0010,0.1840,0.1506,0.1915,0.0000,1.1129,0.7359,0.0000,0.0000,0.0000,10.9,9,13,27.0,17,32,849,1.7496,443,0.0000
40400,1600.5,3450.0,811395,0.5762,0.0010,0.1775,0.1351,0.1617,0.0254,1.1303,0.7380,0.0000,0.0000,0.0000,10.9,8,13,26.3,11,32,909,1.7263,542,0.0000
40600,1531.0,3200.0,828310,0.5300,0.0008,0.1985,0.1791,0.0463,0.0648,1.1232,0.7102,0.0000,0.0000,0.0000,11.2,8,13,25.3,10,32,905,1.6759,513,0.0000
40800,1339.0,2700.0,858241,0.4393,0.0021,0.2046,0.1815,-0.0528,0.1316,1.1982,0.6643,0.0000,0.0000,0.0000,11.2,8,14,25.1,16,32,678,1.6661,496,0.0000
41000,1402.4,2750.0,853470,0.5389,0.0008,0.1784,0.1889,0.2239,0.0895,1.1748,0.6665,0.0000,0.0000,0.0000,11.1,7,14,24.1,15,31,758,1.7084,451,0.0000
41200,1756.2,3600.0,841330,0.5082,0.0022,0.2620,0.2158,0.2080,0.0904,0.9387,0.7339,0.0000,0.0000,0.0000,11.3,8,13,25.4,16,32,937,1.7176,470,0.0000
41400,1623.0,3250.0,809096,0.4927,0.0026,0.2211,0.2119,0.1416,0.0904,0.9466,0.6472,0.0000,0.0000,0.0000,11.0,8,13,25.9,15,32,1000,1.7265,469,0.0000
41600,1754.5,3350.0,851570,0.5044,0.0019,0.2535,0.2043,0.1241,0.0781,0.9681,0.7585,0.0000,0.0000,0.0000,11.0,8,13,25.5,15,32,834,1.7324,459,0.0000
41800,1741.4,3750.0,831211,0.5153,0.0027,0.2378,0.2290,0.1751,0.0446,0.9815,0.6639,0.0000,0.0000,0.0000,11.1,9,14,23.8,12,32,856,1.6763,332,0.0000
42000,1601.0,3350.0,831386,0.5457,0.0026,0.2369,0.2376,0.1200,0.0673,0.9708,0.7489,0.0000,0.0000,0.0000,11.1,9,13,27.8,19,32,934,1.6723,503,0.0000
42200,1649.5,3950.0,816635,0.4207,0.0043,0.2676,0.2200,0.0664,0.0852,1.1049,0.7567,0.0000,0.0000,0.0000,11.0,8,13,28.3,19,32,931,1.7344,327,0.0000
42400,1757.2,3690.0,865126,0.4738,0.0035,0.2767,0.2264,0.1846,0.0828,1.0665,0.6600,0.0000,0.0000,0.0000,11.2,8,14,26.3,13,32,834,1.7374,393,0.0000
42600,1659.7,3400.0,838624,0.5532,0.0016,0.3108,0.2325,0.1255,0.0480,1.0399,0.6759,0.0000,0.0000,0.0000,11.3,9,14,27.5,16,32,895,1.7666,424,0.0000
42800,1672.0,3540.0,843601,0.5322,0.0018,0.2846,0.2296,0.1512,0.0000,0.9864,0.7797,0.0000,0.0000,0.0000,11.1,8,15,28.5,17,32,894,1.7456,366,0.0000
43000,1267.8,3500.0,823643,0.3650,0.0094,0.2906,0.2993,0.0937,0.0666,2.0822,0.6960,0.0000,0.0000,0.0000,11.2,9,14,29.9,24,32,839,1.7432,632,0.0001
43200,1531.9,4200.0,844551,0.5082,0.0062,0.2925,0.2556,0.0770,0.1071,2.0911,0.6991,0.0000,0.0000,0.0000,11.3,8,14,29.3,21,32,764,1.7366,537,0.0000
43400,1699.7,3300.0,814526,0.4383,0.0062,0.2682,0.2389,0.0548,0.0586,2.1160,0.7794,0.0000,0.0000,0.0000,11.3,9,14,29.7,19,32,1016,1.7202,459,0.0000
43600,1858.0,3800.0,830876,0.5174,0.0042,0.2983,0.2398,0.1004,0.0544,2.0772,0.7431,0.0000,0.0000,0.0000,11.3,9,14,28.9,18,32,958,1.7270,377,0.0000
43800,1420.2,2850.0,851221,0.4137,0.0047,0.3142,0.2841,0.0557,0.1165,2.0185,0.7302,0.0000,0.0000,0.0000,11.3,8,14,28.7,22,32,724,1.7129,340,0.0000
44000,1703.1,3300.0,851251,0.5035,0.0032,0.3015,0.2547,0.0565,0.0899,1.9917,0.6526,0.0000,0.0000,0.0000,11.3,8,15,29.5,24,32,840,1.6633,397,0.0000
44200,1483.5,3100.0,849146,0.4507,0.0039,0.3228,0.2850,0.1575,0.0829,2.0082,0.6529,0.0000,0.0000,0.0000,11.3,9,14,30.0,25,32,828,1.6845,494,0.0000
44400,1460.1,3200.0,793062,0.4091,0.0047,0.3476,0.2755,0.0762,0.0527,2.0138,0.6862,0.0000,0.0000,0.0000,11.5,9,14,29.8,23,32,966,1.6984,559,0.0000
44600,1517.2,2850.0,872071,0.5076,0.0028,0.2669,0.2247,0.1058,0.1011,1.9995,0.6639,0.0000,0.0000,0.0000,11.4,9,15,29.3,24,32,741,1.7265,502,0.0000
44800,1780.0,3450.0,840045,0.4891,0.0036,0.2851,0.2514,0.1460,0.0603,1.9998,0.7477,0.0000,0.0000,0.0000,11.2,8,14,30.0,24,32,897,1.7408,404,0.0000
45000,1728.7,3600.0,840472,0.4549,0.0050,0.2654,0.2204,0.1827,0.0000,0.9910,0.7220,0.0000,0.0000,0.0000,11.2,8,14,28.2,22,32,819,1.7425,443,0.0000
45200,1428.7,3300.0,828148,0.4425,0.0054,0.2784,0.2790,0.1978,0.1135,0.7734,0.6676,0.0000,0.0000,0.0000,11.3,8,14,29.4,22,32,871,1.7183,421,0.0000
45400,1699.6,3500.0,809717,0.3648,0.0078,0.2350,0.2054,0.3056,0.0656,0.7454,0.6807,0.0000,0.0000,0.0000,11.2,9,14,30.0,24,32,988,1.6518,499,0.0000
45600,1720.5,3500.0,833818,0.5813,0.0009,0.2120,0.1848,0.1078,0.0660,2.1029,0.7304,0.0000,0.0000,0.0000,11.4,9,14,29.9,23,32,903,1.6568,479,0.0000
45800,1703.4,3750.0,849934,0.5947,0.0012,0.2026,0.1702,0.2806,0.0776,2.1036,0.7048,0.0000,0.0000,0.0000,11.2,9,14,30.0,23,32,831,1.6342,390,0.0000
46000,1819.3,3800.0,858060,0.5485,0.0011,0.2184,0.1423,0.1526,0.0829,2.1246,0.7446,0.0000,0.0000,0.0000,11.3,8,14,29.8,23,32,860,1.5520,391,0.0000
46200,1309.0,2900.0,787935,0.3227,0.0030,0.2526,0.1570,0.1382,0.0446,3.5722,0.7595,0.0000,0.0000,0.0000,11.4,9,14,29.6,25,32,933,1.5704,585,0.0000
46400,1844.8,3800.0,874696,0.4567,0.0028,0.2580,0.1531,0.0774,0.0533,3.7605,0.7195,0.0000,0.0000,0.0000,11.5,9,15,29.1,23,32,797,1.6130,362,0.0000
46600,1622.0,3500.0,848888,0.5536,0.0027,0.2586,0.1704,0.0537,0.0399,3.7636,0.6895,0.0000,0.0000,0.0000,11.6,9,16,29.5,23,32,865,1.5695,497,0.0000
46800,1855.5,3550.0,829735,0.4323,0.0045,0.2704,0.1698,0.0141,0.0474,3.6565,0.6618,0.0000,0.0000,0.0000,11.3,8,14,30.0,25,32,888,1.5918,263,0.0000
47000,1928.2,3750.0,876838,0.4849,0.0050,0.2838,0.1979,0.0281,0.0654,3.6193,0.7019,0.0000,0.0000,0.0000,11.4,9,14,29.2,21,32,762,1.5886,275,0.0000
47200,1469.0,3100.0,818305,0.4839,0.0020,0.3026,0.2132,0.1515,0.0513,3.5763,0.7333,0.0000,0.0000,0.0000,11.3,9,14,28.2,20,32,907,1.5557,555,0.0000
47400,1888.9,3750.0,851557,0.4422,0.0057,0.3151,0.2051,0.1024,0.0525,3.5912,0.6711,0.0000,0.0000,0.0000,11.2,8,14,29.5,22,32,921,1.5599,362,0.0000
47600,1687.2,4100.0,834276,0.4434,0.0082,0.3222,0.2388,0.1346,0.0518,3.3892,0.7500,0.0000,0.0000,0.0000,11.6,9,14,29.6,20,32,869,1.6244,371,0.0000
47800,1548.9,3350.0,827432,0.5137,0.0065,0.3089,0.2070,0.0998,0.0765,3.3549,0.6348,0.0000,0.0000,0.0000,11.4,9,15,28.6,22,32,862,1.6647,550,0.0000
48000,1920.9,3650.0,858141,0.5380,0.0044,0.3121,0.2257,0.1446,0.0000,3.3654,0.6319,0.0000,0.0000,0.0000,11.3,9,14,27.7,22,32,817,1.6566,276,0.0000
48200,1781.0,3900.0,836236,0.4430,0.0122,0.3556,0.2227,-0.0998,0.0393,1.8502,0.6043,0.0000,0.0000,0.0000,11.4,8,14,28.2,20,32,773,1.6799,184,0.0000
48400,1900.6,3600.0,873033,0.5293,0.0041,0.3291,0.2492,0.0369,0.0872,0.8014,0.7395,0.0000,0.0000,0.0000,11.4,8,14,29.1,22,32,842,1.6795,309,0.0000
48600,1734.7,3450.0,861561,0.5475,0.0019,0.3378,0.2593,0.0831,0.0740,0.8317,0.7156,0.0000,0.0000,0.0000,11.2,9,14,29.8,23,32,854,1.6780,409,0.0000
48800,1536.5,3500.0,805228,0.4087,0.0041,0.3266,0.2382,0.0325,0.0390,1.2589,0.7040,0.0000,0.0000,0.0000,11.5,9,14,30.0,25,32,905,1.6712,427,0.0000
49000,1620.4,3700.0,857255,0.5999,0.0021,0.3211,0.2389,0.0476,0.0864,2.3008,0.6329,0.0000,0.0000,0.0000,11.2,9,14,29.7,24,32,801,1.6666,457,0.0000
49200,1829.2,4050.0,852296,0.4490,0.0042,0.3084,0.2403,0.0673,0.0972,2.3944,0.6921,0.0000,0.0000,0.0000,11.3,9,14,29.6,24,32,814,1.6309,462,0.0000
49400,1656.2,3250.0,861789,0.5500,0.0024,0.3422,0.2403,0.0779,0.0449,2.3354,0.7224,0.0000,0.0000,0.0000,11.2,9,14,28.7,22,32,848,1.6249,455,0.0000
49600,1760.3,3450.0,848983,0.5874,0.0014,0.3260,0.2220,0.2648,0.0496,2.3071,0.7336,0.0000,0.0000,0.0000,11.2,9,14,29.0,21,32,865,1.6198,398,0.0000
49800,1492.9,3350.0,804022,0.4616,0.0061,0.3371,0.1961,0.0914,0.0659,2.2397,0.6918,0.0000,0.0000,0.0000,11.2,9,14,28.2,22,32,981,1.5992,610,0.0000
50000,1872.2,3850.0,869355,0.5737,0.0032,0.3075,0.2020,0.0713,0.0606,2.0764,0.7109,0.0000,0.0000,0.0000,11.5,9,14,28.4,21,32,852,1.6100,319,0.0000
50200,1821.7,3550.0,865335,0.5137,0.0042,0.2375,0.1731,0.0519,0.0271,2.1769,0.7091,0.0000,0.0000,0.0000,11.2,9,15,26.9,20,32,808,1.6635,345,0.0000
50400,1746.8,3479.0,854207,0.5567,0.0015,0.2682,0.1675,-0.0106,0.0858,2.2985,0.7564,0.0000,0.0000,0.0000,11.5,9,15,26.2,19,32,890,1.6327,411,0.0000
50600,1793.4,3600.0,863421,0.4811,0.0045,0.2819,0.1488,0.0287,0.0423,2.1963,0.7062,0.0000,0.0000,0.0000,11.2,8,14,27.2,20,32,827,1.6147,267,0.0000
50800,1696.9,3850.0,839462,0.4874,0.0035,0.2616,0.1557,0.1892,0.0656,2.2545,0.7119,0.0000,0.0000,0.0000,11.2,8,15,27.9,23,32,1034,1.5866,416,0.0000
51000,1471.5,2950.2,876259,0.4746,0.0035,0.2864,0.1877,-0.0598,0.0673,1.4344,0.6343,0.0000,0.0000,0.0000,11.5,9,14,27.1,21,32,769,1.6244,453,0.0000
51200,1810.2,3600.0,860274,0.5872,0.0013,0.2505,0.1691,0.0206,0.0741,1.2468,0.6934,0.0000,0.0000,0.0000,11.4,8,14,26.5,22,31,847,1.6118,403,0.0000
51400,1820.4,3500.0,870607,0.5323,0.0039,0.2463,0.1694,0.1347,0.0811,1.2967,0.7000,0.0000,0.0000,0.0000,11.4,8,14,26.7,21,32,820,1.6602,369,0.0000
51600,1541.5,3200.0,844876,0.4881,0.0039,0.2540,0.1864,0.0991,0.0786,1.2616,0.6646,0.0000,0.0000,0.0000,11.5,9,14,28.4,23,32,830,1.6446,470,0.0000
51800,1745.1,3650.0,871595,0.5263,0.0017,0.2554,0.1719,0.0983,0.1093,1.1917,0.6439,0.0000,0.0000,0.0000,11.3,8,14,27.7,20,32,730,1.6402,363,0.0000
52000,1807.1,3600.0,865232,0.5566,0.0014,0.2247,0.1747,0.1371,0.0000,1.0132,0.7350,0.0000,0.0000,0.0000,11.3,9,14,27.2,19,32,766,1.6437,433,0.0000
52200,1661.6,3450.0,854519,0.4500,0.0040,0.2459,0.1639,0.1130,0.1034,1.0157,0.6956,0.0000,0.0000,0.0000,11.2,8,14,26.9,19,32,768,1.6589,362,0.0000
52400,1577.7,3350.0,824105,0.4855,0.0022,0.2366,0.1959,0.0383,0.0702,1.0202,0.6538,0.0000,0.0000,0.0000,11.4,9,14,28.7,17,32,924,1.6188,480,0.0000
52600,1874.0,3700.0,887265,0.6231,0.0007,0.2387,0.1604,0.0514,0.0728,1.4824,0.7264,0.0000,0.0000,0.0000,11.4,9,14,28.2,19,32,815,1.6788,319,0.0000
52800,1769.9,3300.0,864625,0.3485,0.0055,0.2326,0.1737,0.1312,0.0827,4.4320,0.6099,0.0000,0.0000,0.0000,11.7,9,14,28.0,21,32,723,1.6504,329,0.0000
53000,1591.6,3300.0,829442,0.5056,0.0018,0.2314,0.1850,0.0987,0.0679,4.3989,0.7517,0.0000,0.0000,0.0000,11.2,8,14,27.4,20,32,823,1.6583,578,0.0000
53200,1750.6,3650.0,865970,0.4381,0.0020,0.2313,0.1497,0.0422,0.0443,4.4822,0.6739,0.0000,0.0000,0.0000,11.2,9,14,28.6,20,32,764,1.7341,296,0.0000
53400,1655.0,3750.0,844060,0.4987,0.0013,0.2544,0.1413,0.1544,0.0742,4.4451,0.7362,0.0000,0.0000,0.0000,11.2,8,14,29.7,19,32,840,1.6852,398,0.0000
53600,1705.3,3650.0,862772,0.4526,0.0020,0.2272,0.1581,0.2179,0.0572,4.5033,0.7171,0.0000,0.0000,0.0000,11.4,8,14,28.5,22,32,741,1.7108,299,0.0000
53800,1768.9,3950.0,849276,0.4495,0.0019,0.2303,0.1331,0.1197,0.0346,4.5240,0.6760,0.0000,0.0000,0.0000,11.3,9,14,26.8,20,32,881,1.7288,383,0.0000
54000,1681.3,3050.0,897522,0.5030,0.0009,0.2549,0.1810,0.1601,0.0917,4.5221,0.7253,0.0000,0.0000,0.0000,11.2,8,14,27.3,20,32,692,1.7136,307,0.0000
54200,1684.0,3350.0,875877,0.5034,0.0020,0.2031,0.1433,0.1181,0.0643,4.5724,0.6306,0.0000,0.0000,0.0000,11.5,9,14,27.5,21,32,757,1.7017,397,0.0000
54400,1676.7,3350.0,873777,0.4549,0.0025,0.2408,0.1523,0.0418,0.0506,4.5632,0.6131,0.0000,0.0000,0.0000,11.2,8,14,27.7,21,32,736,1.7047,460,0.0000
54600,1280.9,2804.4,832161,0.3585,0.0011,0.2669,0.2326,-0.0815,0.0767,4.5096,0.6614,0.0000,0.0000,0.0000,11.1,9,14,27.9,20,32,885,1.7229,547,0.0014
54800,1715.7,3500.0,860895,0.4488,0.0017,0.2501,0.1757,-0.0302,0.0610,0.9541,0.7245,0.0000,0.0000,0.0000,11.2,8,14,29.0,20,32,748,1.7390,385,0.0000
55000,1648.8,3350.0,884101,0.4090,0.0068,0.2599,0.1692,0.0899,0.0885,0.8166,0.7209,0.0000,0.0000,0.0000,11.4,8,14,29.4,21,32,744,1.7534,392,0.0000
55200,1646.4,3350.0,857558,0.5285,0.0010,0.2829,0.1939,0.1263,0.0806,0.7977,0.6034,0.0000,0.0000,0.0000,11.4,9,14,28.1,20,32,788,1.7712,485,0.0000
55400,2018.3,4100.0,888544,0.4501,0.0026,0.2504,0.1617,0.0106,0.0366,0.8142,0.6283,0.0000,0.0000,0.0000,11.2,8,14,27.8,19,32,714,1.7136,378,0.0000
55600,1910.9,3950.0,868346,0.5576,0.0006,0.2860,0.1897,-0.0003,0.0685,0.8297,0.7149,0.0000,0.0000,0.0000,11.3,8,14,26.1,17,32,797,1.7520,312,0.0000
55800,1558.7,3400.0,825726,0.4661,0.0010,0.3181,0.2284,-0.0042,0.0822,1.0685,0.7213,0.0000,0.0000,0.0000,11.0,8,15,27.2,21,32,800,1.7219,528,0.0000
56000,1812.5,3700.0,853164,0.5355,0.0004,0.3150,0.2226,0.1481,0.0511,1.0616,0.7068,0.0000,0.0000,0.0000,11.4,9,14,25.3,17,32,808,1.7384,346,0.0000
56200,1370.1,2950.0,837571,0.4142,0.0013,0.3287,0.2468,-0.0747,0.0939,1.1041,0.6955,0.0000,0.0000,0.0000,11.2,8,14,28.2,22,32,865,1.7361,577,0.0000
56400,1838.1,3550.0,866952,0.5502,0.0008,0.2998,0.2118,0.2192,0.0982,1.3465,0.7088,0.0000,0.0000,0.0000,11.2,8,15,26.4,19,32,844,1.7599,329,0.0000
56600,1958.6,3650.0,893246,0.5657,0.0014,0.3062,0.2113,0.2174,0.0897,1.4068,0.6865,0.0000,0.0000,0.0000,11.3,9,14,25.7,20,30,727,1.7547,353,0.0000
56800,1759.6,3300.0,872000,0.4879,0.0021,0.3223,0.2077,0.0506,0.0934,1.4112,0.7080,0.0000,0.0000,0.0000,11.3,8,15,24.9,18,32,781,1.7233,408,0.0000
57000,1716.6,3650.0,829996,0.3887,0.0011,0.3348,0.2223,0.1065,0.0710,1.3154,0.7070,0.0000,0.0000,0.0000,11.1,8,14,26.6,20,32,926,1.7485,393,0.0000
57200,1691.3,3700.0,824741,0.4008,0.0022,0.3480,0.2423,0.1699,0.1031,1.3924,0.7274,0.0000,0.0000,0.0000,11.2,9,14,27.7,20,32,852,1.7194,238,0.0000
57400,1478.2,3200.0,835699,0.4420,0.0022,0.3649,0.2410,0.0263,0.0515,1.4104,0.6361,0.0000,0.0000,0.0000,11.3,9,14,28.5,23,32,775,1.7093,399,0.0000
57600,1521.8,3050.0,841657,0.4868,0.0011,0.3532,0.2680,0.1310,0.0547,1.4512,0.7210,0.0000,0.0000,0.0000,11.3,9,15,26.2,18,32,805,1.7406,548,0.0000
57800,1842.0,3600.0,847114,0.4858,0.0020,0.3089,0.1954,0.1243,0.0931,1.4336,0.6703,0.0000,0.0000,0.0000,11.2,9,14,26.6,19,32,809,1.7363,369,0.0000
58000,1824.7,3613.5,866884,0.4961,0.0007,0.3104,0.1871,0.1575,0.0518,1.4637,0.6542,0.0000,0.0000,0.0000,11.3,8,14,25.9,21,32,828,1.7702,474,0.0000
58200,1766.1,3600.0,869394,0.4459,0.0020,0.2994,0.1822,-0.1160,0.0685,1.3689,0.6865,0.0000,0.0000,0.0000,11.3,9,13,28.8,20,32,783,1.7596,416,0.0000
58400,1418.6,3450.0,828268,0.3515,0.0019,0.2926,0.2101,0.1004,0.0813,0.9200,0.7079,0.0000,0.0000,0.0000,11.5,8,14,28.3,19,32,771,1.7597,562,0.0000
58600,1735.8,4000.0,863137,0.4525,0.0022,0.2668,0.1881,0.0981,0.1306,1.2783,0.7176,0.0000,0.0000,0.0000,11.5,9,14,29.0,20,32,847,1.7531,377,0.0000
58800,1654.2,3102.0,882253,0.5277,0.0008,0.2918,0.2122,0.1019,0.0744,1.2316,0.7017,0.0000,0.0000,0.0000,11.5,8,14,28.4,19,32,802,1.7787,366,0.0000
59000,1963.8,3600.0,893039,0.5882,0.0010,0.2579,0.1964,0.0874,0.1120,1.2175,0.7177,0.0000,0.0000,0.0000,11.2,8,14,28.6,22,32,762,1.7792,330,0.0000
59200,1834.5,3550.0,861171,0.5413,0.0011,0.2718,0.2029,0.0006,0.0794,1.1872,0.7227,0.0000,0.0000,0.0000,11.2,9,14,29.1,22,32,777,1.7670,262,0.0000
59400,1490.4,3387.9,817678,0.3731,0.0022,0.2976,0.2267,0.1586,0.1079,1.5896,0.6580,0.0000,0.0000,0.0000,11.5,9,14,29.3,24,32,863,1.7658,361,0.0000
59600,1703.8,3300.0,893360,0.4566,0.0031,0.2986,0.2055,0.2663,0.1048,1.5737,0.6954,0.0000,0.0000,0.0000,11.4,9,14,27.9,21,32,690,1.7734,441,0.0000
59800,1654.8,3350.0,841181,0.4810,0.0008,0.3080,0.2274,0.2006,0.0883,1.5618,0.6649,0.0000,0.0000,0.0000,11.3,8,14,28.5,21,32,884,1.7615,432,0.0000
60000,1925.8,4000.0,879630,0.4427,0.0013,0.3078,0.2160,0.0954,0.1177,1.5697,0.7009,0.0000,0.0000,0.0000,11.6,9,14,28.4,21,32,779,1.7485,425,0.0000
60200,1781.4,3650.0,892346,0.4926,0.0011,0.3172,0.2108,-0.0247,0.1102,1.5299,0.6449,0.0000,0.0000,0.0000,11.3,8,14,28.6,20,32,669,1.7156,331,0.0000
60400,1585.8,3589.0,872917,0.4801,0.0012,0.3230,0.2340,0.0205,0.1753,1.5428,0.6805,0.0000,0.0000,0.0000,11.4,8,14,28.5,22,32,716,1.7171,474,0.0000
60600,1834.2,3800.0,859846,0.5175,0.0012,0.3271,0.2421,0.0798,0.0447,1.3566,0.7160,0.0000,0.0000,0.0000,11.5,8,14,25.4,20,32,857,1.6974,348,0.0000
60800,1445.2,2700.0,889658,0.4952,0.0004,0.3632,0.2499,0.0216,0.1080,1.3535,0.6195,0.0000,0.0000,0.0000,11.5,8,14,27.7,20,32,706,1.6946,347,0.0006
61000,1523.7,3000.0,877925,0.4699,0.0009,0.3278,0.2400,0.0231,0.1202,1.4125,0.7320,0.0000,0.0000,0.0000,11.2,9,14,29.4,22,32,782,1.7587,412,0.0000
61200,1622.1,3300.0,840720,0.3745,0.0021,0.3248,0.2238,0.1533,0.0968,1.4340,0.6560,0.0000,0.0000,0.0000,11.4,8,14,29.3,21,32,881,1.7725,507,0.0000
61400,1592.6,3550.0,831027,0.4453,0.0010,0.3207,0.2240,0.1833,0.0942,0.8290,0.7151,0.0000,0.0000,0.0000,11.3,8,14,29.5,21,32,848,1.7807,444,0.0000
61600,1831.0,3700.0,874121,0.5200,0.0005,0.2960,0.2430,0.0887,0.0604,0.7158,0.6967,0.0000,0.0000,0.0000,11.5,9,14,28.6,19,32,757,1.7587,259,0.0000
61800,1773.9,4100.0,843010,0.4589,0.0019,0.2823,0.2093,0.1944,0.0592,0.6883,0.6696,0.0000,0.0000,0.0000,11.4,8,14,29.1,23,32,829,1.7790,347,0.0000
62000,1615.8,4150.0,857315,0.4110,0.0008,0.2707,0.1890,0.1312,0.0780,0.6236,0.6641,0.0000,0.0000,0.0000,11.3,8,14,28.5,21,32,747,1.7756,381,0.0000
62200,1592.9,3200.0,869740,0.5071,0.0003,0.2728,0.1958,0.0844,0.0994,0.6955,0.7123,0.0000,0.0000,0.0000,11.2,8,14,28.9,18,32,743,1.7521,419,0.0000
62400,1755.0,3550.0,876614,0.4562,0.0009,0.3055,0.2283,-0.0537,0.1177,0.7109,0.6085,0.0000,0.0000,0.0000,11.4,9,14,30.2,25,32,776,1.7625,382,0.0000
62600,1923.8,4050.0,888721,0.5019,0.0007,0.2888,0.2125,-0.0418,0.1038,0.7072,0.6341,0.0000,0.0000,0.0000,11.4,9,14,30.1,24,32,715,1.7690,264,0.0000
62800,1760.0,3700.0,868690,0.4378,0.0019,0.2925,0.2113,0.0814,0.0861,0.7066,0.6693,0.0000,0.0000,0.0000,11.3,9,14,30.4,25,32,780,1.7650,303,0.0000
63000,1791.4,3600.0,888615,0.3791,0.0012,0.2775,0.2218,0.1481,0.1230,0.6795,0.6583,0.0000,0.0000,0.0000,11.5,9,14,29.3,22,32,758,1.7088,334,0.0000
63200,1749.9,3700.0,852812,0.5327,0.0005,0.2625,0.2130,0.1176,0.0846,1.0288,0.7384,0.0000,0.0000,0.0000,11.4,9,14,29.8,20,32,891,1.7735,439,0.0000
63400,1782.8,3550.0,873752,0.4949,0.0025,0.2613,0.1949,-0.0189,0.0269,1.0313,0.6928,0.0000,0.0000,0.0000,11.4,7,14,29.5,18,32,791,1.7596,336,0.0000
63600,1669.8,3400.0,871324,0.4672,0.0020,0.2414,0.1706,0.0729,0.0750,1.0495,0.6649,0.0000,0.0000,0.0000,11.6,9,14,29.4,21,32,735,1.7775,306,0.0000
63800,1784.3,3400.0,866765,0.5130,0.0012,0.2408,0.1707,0.0395,0.0867,1.0407,0.6627,0.0000,0.0000,0.0000,11.6,9,14,28.6,23,32,778,1.7556,325,0.0000
64000,1776.7,3500.0,876783,0.5213,0.0011,0.2644,0.1753,-0.0172,0.0725,1.0826,0.7262,0.0000,0.0000,0.0000,11.5,9,14,28.6,21,32,772,1.7700,350,0.0000
64200,1505.1,3211.0,868830,0.4673,0.0012,0.2621,0.2127,0.2134,0.1159,1.0678,0.7036,0.0000,0.0000,0.0000,11.6,9,15,29.5,22,32,783,1.7373,495,0.0000
64400,1893.3,3850.0,886870,0.4348,0.0018,0.2625,0.2011,0.1832,0.0955,1.0928,0.6568,0.0000,0.0000,0.0000,11.5,9,15,28.9,19,32,778,1.7315,420,0.0000
64600,1610.9,3500.0,865688,0.5076,0.0020,0.2645,0.2083,0.1510,0.0900,1.0850,0.6931,0.0000,0.0000,0.0000,11.6,9,15,30.1,23,32,797,1.7433,464,0.0000
64800,1688.9,3750.0,858711,0.4616,0.0028,0.2746,0.1949,-0.0206,0.1147,1.0969,0.6566,0.0000,0.0000,0.0000,11.5,8,14,29.6,23,32,768,1.7443,262,0.0000
65000,1474.6,2950.0,873483,0.3940,0.0030,0.3016,0.2172,0.0491,0.1414,1.0779,0.6017,0.0000,0.0000,0.0000,11.7,9,14,29.9,25,32,667,1.7408,356,0.0000
65200,1779.9,3500.0,889482,0.4718,0.0013,0.2702,0.1884,0.1910,0.1250,0.5706,0.5625,0.0000,0.0000,0.0000,11.7,9,14,29.5,23,32,665,1.7647,268,0.0000
65400,1760.8,3450.0,897968,0.4899,0.0010,0.2617,0.1988,0.0171,0.1383,0.5846,0.5894,0.0000,0.0000,0.0000,11.6,9,15,29.9,24,32,636,1.7571,288,0.0000
65600,1837.1,3450.0,869800,0.5264,0.0005,0.2433,0.1972,0.1664,0.0930,0.5948,0.6980,0.0000,0.0000,0.0000,11.5,9,14,28.3,21,32,779,1.7475,267,0.0000
65800,1761.8,3450.0,862981,0.5672,0.0006,0.2746,0.2302,0.0115,0.0677,0.6040,0.6803,0.0000,0.0000,0.0000,11.5,7,14,28.1,22,32,803,1.7374,337,0.0000
66000,1667.4,3500.0,859399,0.4569,0.0011,0.2544,0.2185,0.0154,0.0916,0.7930,0.6753,0.0000,0.0000,0.0000,11.5,9,14,28.7,22,32,708,1.7378,273,0.0000
66200,1860.3,3250.0,898144,0.6048,0.0003,0.2684,0.1935,-0.0011,0.0987,1.7690,0.6705,0.0000,0.0000,0.0000,11.6,9,16,30.1,20,32,760,1.7324,340,0.0000
66400,1551.7,3225.6,878244,0.3192,0.0023,0.2752,0.2090,0.0817,0.0764,4.5639,0.6210,0.0000,0.0000,0.0000,11.6,8,14,29.2,23,32,680,1.7321,395,0.0000
66600,1863.1,3650.0,877630,0.5044,0.0014,0.2491,0.2003,-0.0247,0.0750,4.7032,0.6704,0.0000,0.0000,0.0000,11.6,9,15,29.6,24,32,772,1.7496,262,0.0000
66800,1540.8,3000.0,871115,0.5376,0.0006,0.2757,0.2147,0.1495,0.0227,4.7278,0.7445,0.0000,0.0000,0.0000,11.6,9,15,29.8,23,32,711,1.7358,465,0.0004
67000,1828.3,3550.0,889759,0.4101,0.0013,0.2885,0.2080,-0.1138,0.0602,4.6704,0.6393,0.0000,0.0000,0.0000,11.6,9,14,29.9,25,32,633,1.7204,260,0.0000
67200,1585.9,3650.0,871464,0.4176,0.0036,0.2818,0.1979,0.0052,0.0652,4.7159,0.6258,0.0000,0.0000,0.0000,11.4,9,15,30.1,25,32,760,1.7552,466,0.0000
67400,1715.1,3650.0,849655,0.4595,0.0009,0.2713,0.2037,0.0585,0.0357,4.7239,0.7315,0.0000,0.0000,0.0000,11.4,8,15,29.4,24,32,795,1.7561,407,0.0000
67600,1894.4,3650.0,872990,0.3958,0.0029,0.2674,0.1914,-0.0826,0.0396,4.7031,0.5784,0.0000,0.0000,0.0000,11.5,9,15,28.9,23,32,771,1.7385,244,0.0000
67800,1773.4,3600.0,865255,0.4961,0.0012,0.2856,0.2036,0.1551,0.0639,4.6691,0.6887,0.0000,0.0000,0.0000,11.7,8,15,28.4,21,32,761,1.7639,327,0.0000
68000,1846.9,3944.0,878324,0.5254,0.0014,0.2771,0.1760,0.0517,0.0357,4.7644,0.7052,0.0000,0.0000,0.0000,11.4,9,15,28.3,19,32,716,1.7633,334,0.0000
68200,1686.2,3450.0,850620,0.4366,0.0029,0.2938,0.2178,0.0396,0.0603,4.7084,0.6392,0.0000,0.0000,0.0000,11.7,9,16,28.7,22,32,788,1.7526,368,0.0000
68400,1828.7,3500.0,886494,0.5022,0.0026,0.3059,0.2205,0.1932,0.0855,2.1607,0.6650,0.0000,0.0000,0.0000,11.7,9,15,28.7,22,32,737,1.7534,260,0.0000
68600,1750.9,3600.0,888199,0.4928,0.0024,0.3229,0.2221,-0.0215,0.0721,0.9196,0.6906,0.0000,0.0000,0.0000,11.6,9,14,28.0,23,32,697,1.7641,335,0.0000
68800,1841.8,3600.0,882521,0.4710,0.0020,0.3038,0.2123,0.0043,0.0800,0.9177,0.6904,0.0000,0.0000,0.0000,11.5,9,14,27.9,21,32,782,1.7684,314,0.0000
69000,1600.9,3300.0,872162,0.5100,0.0029,0.3028,0.2179,0.1600,0.0568,0.4991,0.7331,0.0000,0.0000,0.0000,11.8,9,15,28.1,21,32,706,1.7408,453,0.0000
69200,1915.3,3700.0,891715,0.5186,0.0020,0.2889,0.2142,0.0410,0.0797,0.4962,0.6692,0.0000,0.0000,0.0000,11.7,9,15,27.9,22,32,785,1.7385,317,0.0000
69400,1663.2,3450.0,863089,0.5102,0.0013,0.2973,0.2195,0.1598,0.0610,0.4832,0.6897,0.0000,0.0000,0.0000,11.8,9,14,27.8,22,32,828,1.7530,442,0.0000
69600,1755.1,3500.0,886485,0.4627,0.0037,0.3080,0.1771,-0.0396,0.0594,0.5058,0.6860,0.0000,0.0000,0.0000,11.7,9,14,27.9,20,32,712,1.7410,274,0.0000
69800,1820.1,3450.0,902016,0.5797,0.0012,0.3079,0.2024,0.2139,0.1134,0.7706,0.6713,0.0000,0.0000,0.0000,11.6,9,14,29.4,24,32,689,1.7427,299,0.0000
70000,1823.8,3450.0,903565,0.5178,0.0027,0.2760,0.2062,0.0262,0.0704,0.7634,0.6779,0.0000,0.0000,0.0000,11.6,9,15,28.6,21,32,664,1.7262,210,0.0000
70200,1588.8,3350.0,854074,0.3382,0.0061,0.2860,0.2249,0.0328,0.0487,2.3271,0.6259,0.0000,0.0000,0.0000,11.5,9,15,27.2,20,32,761,1.7201,378,0.0000
70400,1566.3,3450.0,895483,0.5691,0.0013,0.3030,0.2272,0.1122,0.0929,3.2439,0.7061,0.0000,0.0000,0.0000,11.6,9,14,29.7,22,32,606,1.6933,355,0.0000
70600,1504.3,3200.0,868191,0.4822,0.0042,0.3253,0.2016,0.2129,0.0688,3.2092,0.7090,0.0000,0.0000,0.0000,11.6,9,14,28.4,23,32,717,1.7031,500,0.0000
70800,1661.8,3400.0,865222,0.4305,0.0042,0.3195,0.1829,-0.0487,0.0809,3.1569,0.6300,0.0000,0.0000,0.0000,11.4,9,15,28.1,20,32,683,1.6177,394,0.0000
71000,1732.6,3500.0,889565,0.4774,0.0068,0.3348,0.1744,-0.0000,0.0948,3.0894,0.6467,0.0000,0.0000,0.0000,11.6,9,15,28.2,19,32,685,1.5886,229,0.0000
71200,1812.7,3450.0,898019,0.5152,0.0052,0.3223,0.1572,0.0653,0.0742,3.0666,0.6858,0.0000,0.0000,0.0000,11.6,8,14,27.8,21,32,696,1.6628,314,0.0000
71400,1440.4,2850.0,871644,0.3363,0.0063,0.3474,0.1912,0.0813,0.0359,3.5110,0.7262,0.0000,0.0000,0.0000,11.5,8,15,27.6,20,32,607,1.6320,364,0.0003
71600,1700.1,3571.2,884957,0.5621,0.0032,0.3204,0.1865,0.0880,0.0454,3.8518,0.7290,0.0000,0.0000,0.0000,11.7,9,15,27.7,19,32,731,1.6905,381,0.0000
71800,1701.4,3450.0,868872,0.4640,0.0056,0.3222,0.2031,0.1256,0.0427,3.9443,0.7273,0.0000,0.0000,0.0000,11.6,9,14,29.3,20,32,799,1.6677,245,0.0000
72000,1922.1,3650.0,890615,0.4710,0.0063,0.3343,0.2031,0.0568,0.0000,4.0225,0.6803,0.0000,0.0000,0.0000,11.4,9,15,29.7,19,32,729,1.7004,264,0.0000
72200,1594.7,3250.0,876583,0.4682,0.0057,0.3274,0.1887,0.0575,0.0154,3.9450,0.6601,0.0000,0.0000,0.0000,11.6,9,16,27.0,17,32,658,1.6785,486,0.0000
72400,1441.0,3550.0,892687,0.3460,0.0073,0.3444,0.2165,-0.0216,0.0935,3.4852,0.6849,0.0000,0.0000,0.0000,11.6,9,15,28.7,23,32,543,1.7250,376,0.0000
72600,1810.6,3900.0,840755,0.4712,0.0050,0.2837,0.1309,0.0268,0.0000,3.4476,0.6600,0.0000,0.0000,0.0000,11.7,9,16,28.5,21,32,717,1.7147,268,0.0000
72800,1839.5,3750.0,872033,0.5206,0.0043,0.2669,0.1221,-0.0349,0.0532,3.4542,0.6193,0.0000,0.0000,0.0000,11.7,9,16,27.0,18,32,669,1.6984,196,0.0000
73000,1859.3,3700.0,899210,0.4699,0.0030,0.3010,0.1473,0.2864,0.0562,3.4925,0.6116,0.0000,0.0000,0.0000,11.7,9,15,25.5,19,32,669,1.7340,325,0.0000
73200,1809.3,3500.0,870656,0.4741,0.0031,0.2609,0.1471,0.0547,0.0837,3.5436,0.7187,0.0000,0.0000,0.0000,11.8,9,15,27.5,16,32,799,1.7330,317,0.0000
73400,1825.0,3650.0,910310,0.4869,0.0026,0.2849,0.1408,0.1338,0.0291,2.9252,0.6877,0.0000,0.0000,0.0000,11.8,9,15,25.7,18,32,661,1.7133,362,0.0000
73600,1806.5,3850.0,861551,0.5080,0.0025,0.3203,0.1468,0.0266,0.0391,0.9133,0.7099,0.0000,0.0000,0.0000,11.8,9,15,27.5,17,32,747,1.7239,206,0.0000
73800,1462.2,3200.0,853601,0.3893,0.0031,0.3410,0.1602,0.0944,0.0403,1.2416,0.7297,0.0000,0.0000,0.0000,12.3,10,15,28.2,21,32,665,1.6979,477,0.0000
74000,1752.6,3712.5,894173,0.4469,0.0055,0.3380,0.1796,0.1025,0.0471,1.2133,0.6553,0.0000,0.0000,0.0000,11.7,9,15,27.0,19,32,700,1.7084,316,0.0000
74200,1903.1,3850.0,882423,0.5825,0.0022,0.3208,0.2243,0.0220,0.0643,1.3706,0.6769,0.0000,0.0000,0.0000,11.8,8,15,28.2,21,32,781,1.7029,273,0.0000
74400,1582.3,3600.0,874700,0.5572,0.0018,0.3463,0.1961,-0.0335,0.0687,1.3941,0.6831,0.0000,0.0000,0.0000,11.7,9,15,28.6,18,32,762,1.6944,453,0.0000
74600,1991.4,3700.0,917852,0.4948,0.0051,0.3070,0.1666,0.0329,0.0683,1.3278,0.6460,0.0000,0.0000,0.0000,11.8,9,16,26.5,21,32,645,1.6929,292,0.0000
74800,1887.4,3750.0,864686,0.4590,0.0059,0.3025,0.1488,0.1287,0.0359,1.3543,0.7134,0.0000,0.0000,0.0000,11.7,9,15,27.1,20,32,768,1.7156,316,0.0000
75000,1556.6,3400.0,848276,0.4967,0.0011,0.3056,0.1801,-0.0590,0.0330,1.3759,0.7259,0.0000,0.0000,0.0000,11.7,9,15,26.9,21,32,791,1.7091,482,0.0000
75200,1451.3,2900.0,824198,0.3596,0.0033,0.2690,0.1080,0.1149,0.0661,1.3901,0.7798,0.0000,0.0000,0.0000,11.7,9,14,28.1,22,32,760,1.7162,507,0.0000
75400,1849.4,4350.0,863573,0.4713,0.0021,0.2233,0.0793,-0.0643,0.0473,1.3251,0.6160,0.0000,0.0000,0.0000,11.6,9,16,28.5,20,32,694,1.7060,146,0.0000
75600,1454.8,2750.0,883630,0.3908,0.0050,0.2260,0.0916,0.2045,0.0660,1.3007,0.6874,0.0000,0.0000,0.0000,11.6,9,15,27.9,19,32,722,1.7258,484,0.0001
75800,1850.8,3950.0,864356,0.5230,0.0034,0.1933,0.0887,0.1374,0.0000,1.0996,0.6826,0.0000,0.0000,0.0000,11.7,8,15,28.5,15,32,740,1.7064,276,0.0000
76000,2014.1,3950.0,887163,0.6065,0.0016,0.1654,0.1034,0.0006,0.0000,1.3523,0.7139,0.0000,0.0000,0.0000,11.7,9,15,28.8,23,32,736,1.7449,270,0.0000
76200,1888.1,3700.0,887158,0.4358,0.0054,0.2078,0.0821,-0.0999,0.0866,2.5197,0.5884,0.0000,0.0000,0.0000,11.6,7,15,28.0,21,32,694,1.7224,245,0.0000
76400,1775.0,3544.6,862793,0.4673,0.0060,0.2283,0.1125,0.0061,0.0672,2.5082,0.7285,0.0000,0.0000,0.0000,11.9,9,15,27.7,20,32,771,1.6837,339,0.0000
76600,1865.5,3600.0,883542,0.5618,0.0036,0.2436,0.1178,-0.0696,0.0733,2.4660,0.6639,0.0000,0.0000,0.0000,11.9,9,15,27.7,22,32,751,1.7352,365,0.0000
76800,1801.4,3500.0,885398,0.4904,0.0055,0.2296,0.1157,0.0223,0.0000,2.4138,0.6949,0.0000,0.0000,0.0000,12.0,9,15,29.0,21,32,667,1.7495,287,0.0000
77000,1826.6,3750.0,877450,0.5574,0.0046,0.2343,0.1477,-0.0443,0.1013,2.3267,0.6903,0.0000,0.0000,0.0000,11.9,9,15,28.9,21,32,726,1.7450,268,0.0000
77200,1870.5,3750.0,879404,0.5840,0.0028,0.2512,0.1142,0.1209,0.0960,2.4225,0.6593,0.0000,0.0000,0.0000,11.8,9,14,28.6,21,32,700,1.7152,261,0.0000
77400,1281.1,3050.0,823808,0.2772,0.0080,0.2867,0.1205,0.1328,0.0414,5.7796,0.7028,0.0000,0.0000,0.0000,11.7,9,14,29.0,22,32,732,1.7052,442,0.0044
77600,1827.3,3950.0,872124,0.4647,0.0042,0.2707,0.1400,-0.0014,0.0808,5.9221,0.6855,0.0000,0.0000,0.0000,11.8,8,14,28.3,20,32,777,1.6969,357,0.0000
77800,1805.5,3750.0,867572,0.5834,0.0023,0.2818,0.1538,-0.0725,0.0392,5.9352,0.6829,0.0000,0.0000,0.0000,11.8,9,15,29.0,23,32,736,1.7302,367,0.0000
78000,1694.9,3600.0,849501,0.4191,0.0036,0.3121,0.1402,0.0063,0.0952,5.9312,0.6386,0.0000,0.0000,0.0000,11.8,9,15,29.7,22,32,776,1.7038,249,0.0000
78200,1553.8,3550.0,892822,0.5020,0.0028,0.3408,0.1831,0.2479,0.1590,5.8554,0.6296,0.0000,0.0000,0.0000,11.8,9,15,28.1,20,32,688,1.7064,390,0.0000
78400,1730.2,3500.0,905212,0.5524,0.0025,0.3217,0.1785,0.1566,0.1018,5.8418,0.6478,0.0000,0.0000,0.0000,11.6,9,14,27.6,17,32,596,1.7177,232,0.0000
78600,1789.7,3550.0,891039,0.4586,0.0028,0.3042,0.1469,0.0209,0.1326,5.8004,0.6499,0.0000,0.0000,0.0000,12.0,10,15,28.3,21,32,644,1.6878,245,0.0000
78800,1980.0,4500.0,900339,0.5344,0.0024,0.2950,0.1460,0.0430,0.0794,5.7633,0.6348,0.0000,0.0000,0.0000,11.6,8,15,28.2,22,32,689,1.7012,226,0.0000
79000,1849.3,3850.0,852908,0.4508,0.0010,0.3096,0.1671,0.0315,0.0916,5.7781,0.7529,0.0000,0.0000,0.0000,11.8,9,15,25.0,17,32,815,1.6417,277,0.0000
79200,1516.5,3100.0,844557,0.3496,0.0021,0.3292,0.1425,0.1661,0.1244,5.5916,0.6638,0.0000,0.0000,0.0000,11.5,8,15,26.2,19,32,797,1.6909,544,0.0000
79400,1646.9,3300.0,862040,0.4120,0.0058,0.3517,0.1652,0.0179,0.0904,2.6922,0.7034,0.0000,0.0000,0.0000,11.7,9,15,26.6,19,32,779,1.7112,344,0.0000
79600,1697.0,3600.0,858958,0.3997,0.0044,0.3611,0.1661,-0.1105,0.0751,1.5338,0.7375,0.0000,0.0000,0.0000,11.6,9,15,25.3,20,32,771,1.7181,363,0.0000
79800,1879.0,3600.0,903150,0.5239,0.0023,0.3463,0.1949,-0.0092,0.1136,1.5100,0.6322,0.0000,0.0000,0.0000,11.7,9,15,26.4,19,32,689,1.7272,267,0.0000
80000,1504.9,3300.0,860579,0.3957,0.0037,0.3865,0.2398,0.1023,0.1145,1.4307,0.7354,0.0000,0.0000,0.0000,11.9,9,15,25.2,20,32,732,1.6781,366,0.0000
80200,1783.7,3750.0,916556,0.5063,0.0036,0.3504,0.1964,-0.1573,0.1525,1.5820,0.5994,0.0000,0.0000,0.0000,11.6,10,15,25.4,18,32,695,1.7208,371,0.0000
80400,1634.8,3100.0,875169,0.4273,0.0022,0.3383,0.1990,0.1144,0.1106,1.4952,0.6994,0.0000,0.0000,0.0000,11.5,8,15,25.3,19,31,745,1.6860,422,0.0000
80600,1658.0,3550.0,849008,0.4381,0.0023,0.3469,0.2000,-0.0280,0.0876,1.7108,0.6888,0.0000,0.0000,0.0000,11.6,9,15,24.9,18,30,786,1.6817,458,0.0000
80800,1380.3,2700.0,858315,0.4367,0.0026,0.3727,0.1840,0.1428,0.0718,1.8655,0.6525,0.0000,0.0000,0.0000,11.5,9,15,26.8,21,32,798,1.7348,573,0.0000
81000,1714.8,3350.0,861585,0.5286,0.0011,0.3088,0.1627,-0.0265,0.0600,1.8434,0.7154,0.0000,0.0000,0.0000,11.6,8,14,25.2,19,32,811,1.6398,370,0.0000
81200,1811.0,3204.5,900167,0.4967,0.0024,0.3252,0.1676,0.1604,0.0765,1.9204,0.6967,0.0000,0.0000,0.0000,11.5,9,14,26.0,19,32,676,1.6778,369,0.0000
81400,1798.2,4000.0,877190,0.5222,0.0024,0.3031,0.1470,0.1190,0.1000,2.0140,0.7172,0.0000,0.0000,0.0000,11.2,8,14,25.5,18,32,723,1.6956,400,0.0000
81600,1640.9,3150.0,891437,0.4882,0.0027,0.2892,0.1613,0.2534,0.0853,1.9934,0.6605,0.0000,0.0000,0.0000,11.4,9,14,26.8,16,32,673,1.6652,326,0.0000
81800,1849.4,3850.0,872190,0.4844,0.0010,0.3110,0.1406,-0.0513,0.0987,2.0462,0.7132,0.0000,0.0000,0.0000,11.6,9,15,26.6,20,32,724,1.7042,183,0.0000
82000,1815.6,3800.0,899209,0.5063,0.0023,0.3589,0.1648,0.1442,0.0829,1.6330,0.7145,0.0000,0.0000,0.0000,11.7,9,15,27.8,21,32,672,1.6840,273,0.0000
82200,1823.2,3600.0,858003,0.4537,0.0038,0.3595,0.1704,0.0092,0.0615,1.1592,0.6678,0.0000,0.0000,0.0000,11.6,9,14,28.1,22,32,718,1.7405,325,0.0000
82400,1876.2,3650.0,895195,0.4705,0.0020,0.3762,0.1366,0.0348,0.0437,0.8448,0.6311,0.0000,0.0000,0.0000,11.4,9,15,26.9,20,32,696,1.7065,332,0.0000
82600,1600.5,3250.0,852560,0.4531,0.0020,0.3651,0.1617,-0.0785,0.0815,0.8296,0.7097,0.0000,0.0000,0.0000,11.8,8,15,27.8,17,32,751,1.7071,401,0.0000
82800,1772.4,3450.0,899699,0.4738,0.0031,0.3412,0.1320,-0.0737,0.0936,0.8115,0.6617,0.0000,0.0000,0.0000,11.5,9,14,28.8,18,32,634,1.6602,275,0.0000
83000,1799.4,3800.0,886477,0.4929,0.0034,0.2987,0.1291,0.1299,0.1052,0.2729,0.5711,0.0000,0.0000,0.0000,11.6,9,14,29.0,21,32,726,1.6752,295,0.0000
83200,1678.8,3100.0,878953,0.4882,0.0026,0.3168,0.1368,0.0353,0.1148,0.2680,0.6810,0.0000,0.0000,0.0000,11.7,8,14,29.6,21,32,694,1.6569,395,0.0000
83400,1741.3,3300.0,887122,0.4534,0.0015,0.3217,0.1292,0.1036,0.1142,0.2503,0.6860,0.0000,0.0000,0.0000,11.5,9,14,27.2,21,32,720,1.6379,351,0.0000
83600,1537.9,3500.0,869305,0.4934,0.0014,0.3479,0.1581,0.0174,0.0823,0.2487,0.7066,0.0000,0.0000,0.0000,11.4,8,13,26.6,16,32,782,1.5953,496,0.0000
83800,1601.0,3236.1,881664,0.4688,0.0021,0.3666,0.1451,0.0363,0.1020,0.2469,0.6878,0.0000,0.0000,0.0000,11.4,9,14,26.9,12,32,617,1.6270,336,0.0000
84000,1747.2,3650.0,881526,0.4876,0.0033,0.3732,0.1429,-0.0381,0.1177,0.2477,0.6692,0.0000,0.0000,0.0000,11.7,10,14,27.7,19,32,618,1.6359,246,0.0000
84200,1736.9,3750.0,878657,0.4964,0.0035,0.3408,0.1853,0.1015,0.1314,0.1961,0.6636,0.0000,0.0000,0.0000,11.8,9,14,27.8,20,32,708,1.6461,281,0.0000
84400,1789.6,3800.0,859468,0.5052,0.0042,0.3580,0.1855,0.0383,0.1085,0.1708,0.6557,0.0000,0.0000,0.0000,11.7,9,14,26.6,20,32,700,1.6547,178,0.0000
84600,1640.7,3500.0,849415,0.4236,0.0045,0.3911,0.1963,-0.0473,0.1147,0.2889,0.7565,0.0000,0.0000,0.0000,11.7,9,15,28.3,18,32,743,1.6316,428,0.0000
84800,1178.0,2750.0,854494,0.3763,0.0066,0.4425,0.2557,0.1766,0.1097,0.2913,0.7430,0.0000,0.0000,0.0000,11.8,9,15,26.5,18,32,674,1.6785,477,0.0056
85000,1604.0,3200.0,855785,0.4424,0.0039,0.3451,0.1643,0.0431,0.0839,0.3351,0.7162,0.0000,0.0000,0.0000,11.8,9,15,29.0,20,32,725,1.6657,398,0.0000
85200,1504.6,3450.0,822322,0.4519,0.0023,0.3209,0.1850,0.1148,0.0630,0.3507,0.7750,0.0000,0.0000,0.0000,11.8,10,14,29.0,20,32,789,1.6459,494,0.0000
85400,1873.3,4250.0,857987,0.4998,0.0017,0.2990,0.1718,0.1689,0.0696,0.5033,0.7230,0.0000,0.0000,0.0000,11.8,9,14,29.3,17,32,737,1.6166,181,0.0000
85600,1318.9,2700.0,858318,0.4731,0.0020,0.3288,0.1588,0.0506,0.1052,0.5730,0.6587,0.0000,0.0000,0.0000,11.7,9,14,29.1,22,32,665,1.6727,502,0.0002
85800,1992.5,3800.0,901946,0.4868,0.0023,0.2981,0.1481,-0.0792,0.1262,0.7185,0.6159,0.0000,0.0000,0.0000,11.7,9,15,29.6,22,32,712,1.5946,252,0.0000
86000,1916.1,4450.0,876329,0.5398,0.0013,0.2660,0.1529,0.0090,0.1297,0.7163,0.6542,0.0000,0.0000,0.0000,11.9,9,14,28.6,23,32,772,1.5884,321,0.0000
86200,1965.2,4200.0,887422,0.5271,0.0009,0.2551,0.1381,-0.0438,0.1525,0.7202,0.6404,0.0000,0.0000,0.0000,11.9,9,14,28.6,20,32,776,1.5407,264,0.0000
86400,1553.7,3400.0,891441,0.5096,0.0014,0.2711,0.1587,-0.0206,0.1550,0.6997,0.6207,0.0000,0.0000,0.0000,11.8,9,14,29.1,23,32,636,1.6358,362,0.0000
86600,1686.2,3291.2,895567,0.4795,0.0013,0.2569,0.1571,-0.1558,0.1591,0.7320,0.6368,0.0000,0.0000,0.0000,11.9,9,15,29.5,23,32,686,1.5984,296,0.0000
86800,1659.6,4450.0,853090,0.4821,0.0015,0.2437,0.1473,0.0821,0.0653,0.7552,0.6864,0.0000,0.0000,0.0000,11.8,9,15,28.2,21,32,774,1.6378,420,0.0000
87000,1810.2,3350.0,890221,0.5194,0.0013,0.2509,0.1319,0.1009,0.1089,0.7654,0.7086,0.0000,0.0000,0.0000,11.8,9,15,29.3,18,32,628,1.6378,342,0.0000
87200,1249.2,3174.6,820186,0.3278,0.0029,0.3141,0.1424,0.0292,0.1536,2.1728,0.6847,0.0000,0.0000,0.0000,11.8,9,14,28.8,20,32,794,1.6716,665,0.0002
87400,1629.6,3450.0,902955,0.5007,0.0013,0.2493,0.1344,0.1747,0.1458,3.2524,0.6308,0.0000,0.0000,0.0000,11.8,9,15,28.2,17,32,665,1.6640,285,0.0000
87600,1833.0,3950.0,844056,0.4165,0.0054,0.2225,0.0977,0.0190,0.0586,3.2574,0.6701,0.0000,0.0000,0.0000,11.6,9,14,30.2,22,32,868,1.6740,415,0.0000
87800,1891.2,3850.0,864860,0.5660,0.0013,0.2361,0.1164,-0.0054,0.0767,3.2596,0.6232,0.0000,0.0000,0.0000,11.7,8,15,29.6,21,32,740,1.6505,205,0.0000
88000,1551.4,3500.0,816111,0.3624,0.0039,0.2604,0.1348,0.0183,0.0640,3.4802,0.6852,0.0000,0.0000,0.0000,11.7,9,15,29.6,22,32,837,1.6883,241,0.0000
88200,1872.2,3700.0,856627,0.5352,0.0013,0.2047,0.0991,0.0280,0.0686,3.3725,0.7013,0.0000,0.0000,0.0000,11.8,9,15,29.1,23,32,734,1.6751,302,0.0000
88400,1672.5,3350.0,864777,0.5872,0.0013,0.2020,0.1222,0.0720,0.0607,3.3601,0.7334,0.0000,0.0000,0.0000,11.8,10,15,29.7,22,32,789,1.6607,505,0.0000
88600,1770.9,4050.0,871046,0.5177,0.0027,0.2281,0.1471,0.0572,0.0704,3.3307,0.6535,0.0000,0.0000,0.0000,11.5,8,14,29.7,25,32,757,1.6579,376,0.0000
88800,1665.2,3450.0,877202,0.4260,0.0033,0.2393,0.1185,0.0329,0.1073,3.2401,0.7188,0.0000,0.0000,0.0000,11.7,9,14,28.2,19,32,675,1.6700,387,0.0000
89000,1700.8,3150.0,885632,0.4778,0.0013,0.2378,0.1283,-0.0205,0.0749,3.2166,0.7024,0.0000,0.0000,0.0000,11.5,9,14,28.1,21,32,744,1.6811,458,0.0006
89200,1898.8,3750.0,876325,0.5293,0.0014,0.2485,0.1214,0.0195,0.0632,3.0440,0.7029,0.0000,0.0000,0.0000,11.7,9,14,27.7,22,32,717,1.6437,330,0.0000
89400,1691.4,3550.0,874786,0.4055,0.0039,0.2492,0.1274,-0.0225,0.1028,2.0749,0.5835,0.0000,0.0000,0.0000,11.6,9,15,28.8,21,32,763,1.6300,345,0.0000
89600,1768.9,3350.0,865280,0.5608,0.0012,0.2545,0.1400,0.0931,0.1054,2.2223,0.7344,0.0000,0.0000,0.0000,11.5,9,15,28.7,22,32,791,1.6148,314,0.0000
89800,1811.9,3550.0,850287,0.4631,0.0032,0.2562,0.1586,0.0065,0.0587,2.2233,0.5571,0.0000,0.0000,0.0000,11.6,9,14,28.9,22,32,868,1.6391,417,0.0000
90000,1930.6,3550.0,900234,0.5321,0.0028,0.2655,0.1530,0.0908,0.0779,1.5750,0.6432,0.0000,0.0000,0.0000,11.7,8,15,27.5,19,32,671,1.6454,236,0.0000
90200,1619.1,3400.0,899927,0.4502,0.0068,0.2859,0.1127,0.0457,0.0718,1.3337,0.6382,0.0000,0.0000,0.0000,11.8,9,14,29.8,24,32,599,1.6941,259,0.0000
90400,1885.0,3856.0,896712,0.5147,0.0054,0.3296,0.1233,0.0228,0.0567,1.3024,0.5946,0.0000,0.0000,0.0000,11.8,9,15,29.2,22,32,661,1.6798,199,0.0000
90600,1963.6,3850.0,870598,0.4769,0.0038,0.3013,0.1599,0.1709,0.0587,1.3131,0.7144,0.0000,0.0000,0.0000,11.8,9,14,30.2,24,32,833,1.6553,208,0.0000
90800,1713.9,3550.0,851131,0.4420,0.0045,0.3003,0.1346,0.0050,0.0683,1.3640,0.7218,0.0000,0.0000,0.0000,11.8,8,14,29.0,21,32,812,1.6762,364,0.0000
91000,1773.7,3750.0,859740,0.5053,0.0045,0.3078,0.1405,-0.0505,0.0876,1.3629,0.6599,0.0000,0.0000,0.0000,11.7,9,15,28.6,18,32,720,1.6840,257,0.0000
91200,1829.7,3800.0,854112,0.4593,0.0042,0.3226,0.1365,0.0390,0.0587,1.3113,0.6755,0.0000,0.0000,0.0000,11.5,9,14,29.4,21,32,724,1.6818,357,0.0000
91400,1832.5,4400.0,869200,0.5622,0.0036,0.3119,0.1321,-0.0648,0.0775,1.4306,0.6974,0.0000,0.0000,0.0000,11.8,9,15,28.5,20,32,756,1.7059,278,0.0000
91600,1870.8,3750.0,894950,0.4743,0.0065,0.2806,0.1398,-0.1242,0.0743,0.9447,0.6610,0.0000,0.0000,0.0000,11.7,9,15,28.9,23,32,692,1.7040,270,0.0000
91800,1692.4,3400.0,861319,0.5230,0.0036,0.2901,0.1470,0.1405,0.0410,0.9559,0.7350,0.0000,0.0000,0.0000,11.8,9,16,28.0,22,32,792,1.7061,469,0.0000
92000,1565.7,3400.0,872308,0.3861,0.0067,0.3155,0.1549,-0.0140,0.0803,1.1901,0.6671,0.0000,0.0000,0.0000,11.8,9,15,28.3,17,32,634,1.6854,398,0.0000
92200,1903.6,3700.0,872536,0.5783,0.0025,0.2890,0.1128,-0.0517,0.0685,2.1545,0.6489,0.0000,0.0000,0.0000,11.8,9,15,29.2,18,32,720,1.6736,178,0.0000
92400,1953.2,4000.0,873464,0.4998,0.0050,0.2384,0.1071,0.1560,0.0356,2.1879,0.6721,0.0000,0.0000,0.0000,12.0,9,15,29.6,23,32,811,1.7103,292,0.0000
92600,1575.9,3241.0,855313,0.5291,0.0028,0.2542,0.1211,-0.0274,0.0672,2.1945,0.6455,0.0000,0.0000,0.0000,11.6,8,15,29.1,21,32,742,1.6820,441,0.0000
92800,1653.0,3550.0,820801,0.4509,0.0059,0.1747,0.0897,0.0399,0.0472,2.1731,0.7508,0.0000,0.0000,0.0000,11.6,9,15,29.6,19,32,837,1.6866,316,0.0000
93000,1628.8,3050.0,881049,0.4650,0.0064,0.1724,0.0870,-0.1400,0.0340,2.1996,0.7073,0.0000,0.0000,0.0000,11.8,9,14,29.9,21,32,690,1.6922,451,0.0001
93200,1918.7,3750.0,885724,0.5059,0.0055,0.1844,0.0849,-0.1301,0.0647,2.1826,0.6605,0.0000,0.0000,0.0000,11.5,9,15,29.3,22,32,726,1.7025,227,0.0000
93400,1670.0,3600.0,853458,0.4256,0.0119,0.2054,0.1007,0.0394,0.0780,2.1155,0.7231,0.0000,0.0000,0.0000,11.8,9,15,29.6,23,32,768,1.7071,246,0.0000
93600,1842.4,3900.0,862775,0.5143,0.0054,0.2289,0.1033,-0.0601,0.0645,2.1171,0.7198,0.0000,0.0000,0.0000,11.7,8,15,28.5,20,32,756,1.6965,179,0.0000
93800,1629.8,3650.0,875347,0.4330,0.0141,0.2390,0.1281,-0.1376,0.0700,2.0689,0.6666,0.0000,0.0000,0.0000,11.7,9,15,26.6,16,32,838,1.6629,450,0.0000
94000,1530.2,3200.0,863263,0.4176,0.0164,0.2562,0.1529,0.1993,0.0546,2.0278,0.6738,0.0000,0.0000,0.0000,11.6,9,15,26.5,15,32,783,1.6929,367,0.0011
94200,1869.0,3850.0,899985,0.4569,0.0122,0.2722,0.1248,-0.1175,0.0000,0.5145,0.6495,0.0000,0.0000,0.0000,11.8,8,15,26.8,20,32,672,1.6863,164,0.0000
94400,1910.9,3950.0,869355,0.5581,0.0068,0.2574,0.1313,-0.0487,0.0725,0.6707,0.6838,0.0000,0.0000,0.0000,11.9,9,14,27.0,19,32,811,1.6975,260,0.0000
94600,1813.8,3900.0,855576,0.4779,0.0100,0.2398,0.1258,0.0817,0.0633,0.6801,0.7495,0.0000,0.0000,0.0000,11.9,9,15,27.4,20,32,736,1.6760,187,0.0000
94800,1973.8,3700.0,904043,0.4740,0.0129,0.1938,0.1141,0.2294,0.1309,0.7367,0.6607,0.0000,0.0000,0.0000,11.7,9,15,28.2,20,32,613,1.6998,119,0.0000
95000,1227.1,2600.0,860338,0.3312,0.0181,0.2459,0.1079,0.1222,0.1205,1.7396,0.6597,0.0000,0.0000,0.0000,11.7,9,15,27.1,20,32,644,1.6579,579,0.0075
95200,1468.5,3450.0,859109,0.4433,0.0095,0.2487,0.1069,0.1230,0.0721,1.7469,0.7334,0.0000,0.0000,0.0000,11.8,9,14,26.9,19,32,706,1.6805,429,0.0000
95400,1732.5,3500.0,910915,0.5880,0.0051,0.1712,0.1094,0.2450,0.0869,2.3361,0.6235,0.0000,0.0000,0.0000,11.8,9,15,26.3,16,32,622,1.7247,202,0.0000
95600,1778.7,3450.0,885254,0.4753,0.0103,0.2303,0.1148,0.2452,0.0579,2.3869,0.6792,0.0000,0.0000,0.0000,11.8,9,15,27.3,16,32,640,1.6976,314,0.0000
95800,1726.3,3500.0,876178,0.4672,0.0085,0.2325,0.1328,-0.0508,0.0697,2.4964,0.7119,0.0000,0.0000,0.0000,11.7,9,15,27.8,21,32,739,1.6907,435,0.0000
96000,1449.3,3300.0,837902,0.3995,0.0080,0.2627,0.1207,-0.0077,0.0453,2.3672,0.6950,0.0000,0.0000,0.0000,11.7,9,15,27.1,18,32,743,1.6660,507,0.0001
96200,1677.5,3550.0,869799,0.4627,0.0095,0.2792,0.1480,0.1301,0.0475,2.2785,0.7271,0.0000,0.0000,0.0000,11.8,8,15,27.9,19,32,801,1.6932,398,0.0004
96400,1799.7,3800.0,839673,0.4530,0.0070,0.2738,0.1112,0.0554,0.0737,2.4318,0.7287,0.0000,0.0000,0.0000,11.8,9,15,29.2,18,32,809,1.6564,236,0.0000
96600,1529.8,3250.0,868702,0.4624,0.0099,0.3248,0.1453,0.1748,0.1216,2.5443,0.7045,0.0000,0.0000,0.0000,11.7,9,15,29.5,24,32,724,1.7047,378,0.0000
96800,1725.6,3600.0,849742,0.4501,0.0093,0.3183,0.1478,0.0118,0.0753,2.5288,0.6702,0.0000,0.0000,0.0000,11.7,10,15,29.0,24,32,729,1.6713,242,0.0000
97000,1815.4,3750.0,869454,0.4419,0.0079,0.3049,0.1415,-0.0086,0.0923,2.2372,0.6830,0.0000,0.0000,0.0000,11.7,9,15,27.3,19,32,661,1.6258,127,0.0000
97200,1805.1,3950.0,867587,0.4630,0.0069,0.2972,0.1181,0.0923,0.0357,2.2532,0.6850,0.0000,0.0000,0.0000,11.7,9,15,28.1,17,32,790,1.6260,286,0.0000
97400,1815.0,3500.0,894803,0.5708,0.0049,0.2896,0.1250,0.0440,0.0685,1.3869,0.6726,0.0000,0.0000,0.0000,11.8,9,15,28.3,20,32,620,1.6405,238,0.0000
97600,1749.9,3450.0,886199,0.5182,0.0072,0.3065,0.1149,-0.0105,0.0516,0.7959,0.6357,0.0000,0.0000,0.0000,11.8,9,15,28.7,20,32,711,1.6608,266,0.0000
97800,1724.4,3400.0,874724,0.4020,0.0101,0.2713,0.0963,-0.0397,0.0519,0.8530,0.6855,0.0000,0.0000,0.0000,11.9,9,15,27.6,22,32,663,1.6527,215,0.0000
98000,1398.4,2950.0,890215,0.5066,0.0043,0.2989,0.1244,-0.0234,0.1405,0.7391,0.6882,0.0000,0.0000,0.0000,11.9,9,15,27.0,21,32,495,1.5838,311,0.0009
98200,1673.1,3550.0,890201,0.5233,0.0057,0.2883,0.0909,0.1573,0.0653,0.5767,0.6622,0.0000,0.0000,0.0000,11.8,9,15,28.8,21,32,658,1.6194,320,0.0000
98400,1593.3,3648.2,813641,0.3724,0.0089,0.2802,0.0878,-0.0064,0.0583,1.1302,0.7176,0.0000,0.0000,0.0000,11.7,9,15,27.7,23,32,814,1.6444,380,0.0000
98600,1847.3,3550.0,865654,0.5200,0.0039,0.2665,0.0948,-0.0379,0.0446,1.4156,0.6595,0.0000,0.0000,0.0000,11.6,8,16,27.3,21,32,688,1.6368,173,0.0000
98800,1559.9,3100.0,844286,0.4275,0.0093,0.2889,0.1072,-0.0303,0.0858,1.3602,0.6677,0.0000,0.0000,0.0000,11.7,9,15,27.8,22,32,716,1.6763,376,0.0000
99000,1518.5,4100.0,885847,0.4851,0.0083,0.2827,0.1186,0.0080,0.0836,1.2766,0.6501,0.0000,0.0000,0.0000,11.8,9,15,27.8,20,32,656,1.6316,329,0.0002
99200,1569.8,3500.0,872603,0.5102,0.0066,0.2693,0.0907,0.1556,0.0833,1.3478,0.6965,0.0000,0.0000,0.0000,11.9,9,15,28.6,24,32,675,1.6287,399,0.0002
99400,1578.3,3700.0,855204,0.4228,0.0104,0.2467,0.0964,0.0085,0.0793,1.3268,0.7005,0.0000,0.0000,0.0000,11.6,8,15,28.5,21,32,720,1.6325,324,0.0000
99600,1385.5,2950.0,867062,0.4090,0.0131,0.2625,0.1103,0.1702,0.0732,1.3867,0.5968,0.0000,0.0000,0.0000,11.8,9,14,28.7,21,32,620,1.6589,349,0.0001
99800,1495.6,2900.0,893884,0.3451,0.0173,0.2659,0.1141,-0.0192,0.0570,1.4338,0.7107,0.0000,0.0000,0.0000,11.9,9,15,28.7,20,32,566,1.6916,318,0.0000
99999,1660.7,4200.0,869820,0.5455,0.0039,0.2458,0.1152,0.0973,0.0562,1.7015,0.7107,0.0000,0.0000,0.0000,11.9,10,15,26.8,21,32,682,1.6406,324,0.0005
